attribute_set,attribute_group,frontend_label_0,attribute_code,frontend_label_1,description,frontend_input,options,note,is_global,is_filterable,is_required,default_value_text,is_unique,frontend_class,is_used_in_grid,is_searchable,search_weight,is_visible_in_advanced_search,is_filterable_in_grid,is_filterable_in_search,position,is_used_for_promo_rules,is_html_allowed_on_front,is_visible_on_front,used_in_product_listing,used_for_sort_by
Default,Product Details,Photography type,photography_type,,,Dropdown,"Travel, Street, Landscape & Ultra-wide, Sports & Action, Macro, Portrait, General Use",Used for Lenses Product Finder (Photography Type Selection step),Global,No,No,,,,,No,,,,No,,No,No,No,Yes,No
Default,Product Details,Usage,usage,,,Dropdown,"Hobby, Commercial, Racing",Used for Drones Product Finder,Global,,,,,,,,,,,No,,No,No,No,Yes,No
Default,Product Details,Type,type,,,Dropdown,"Full Frame DSLR, APS-C DSLR, Micro Four-Thirds, Full Frame Mirrorless, APS-C Mirrorless​",Used for Lenses Product Finder (Camera Type Selection step),Global,,,,,,,,,,,No,,No,No,No,Yes,No
Default,Product Details,What's in the box,whats_in_the_box,,,Text Editor,,Displayed on PDP,Global,,,,,,,,,,,,,,,,,
Default,Product Details,Qualifies for free shipping,qualifies_for_free_shipping,,,Yes/No,,Displayed on PDP,Global,,,,,,,,,,,,,,,,,
Default,Product Details,Pronto Stock Status,pronto_stock_status,,,Dropdown,"Empty, S, K, I, Z, O",Displayed on PDP,Global,,,,,,,,,,,,,,,,,
Default,Product Details,Product Background Image Desktop,product_image_background_desktop,,,Text Editor,,Displayed on PDP,Global,,,,,,,,,,,,,,,,,
Default,Product Details,Product Background Image Mobile,product_image_background_mobile,,,Text Editor,,Displayed on PDP,Global,,,,,,,,,,,,,,,,,
Default,Product Details,Color,color,,,Multiple Select,,Displayed on PDP. Visual Swatch.,Global,Filterable (with results),,,,,,,,,,,2,,,,,
Default,Product Details,Specification,specification,,,Text Editor,,"Displayed on PDP
NOTE: KayWeb custom_spec_text attribute will be mapped to Magento ""Specification"" attribute to be displayed on PDP in ""Specs"" tab",Global,,,,,,,,,,,,,,,,,
Default,Product Details,Brand,brand,,,Dropdown,"Canon, Nikon, Olympus, Fujifilm, Sony, Panasonic, Leica, Pentax, GoPro, Sigma, Hasselblad, Tasco, Ricoh, Polaroid, Lomography, Bushnell, Agfaphoto, Gerber, Kodak, Insta360, Zoom, Stealth Cam, Ilford, Celly, Tenba, Bowens, Elinchrom, Nissin, Cactus, Dot Line, Metz, Godox, Gary Fong, Lastolite, Litra, Manfrotto, PocketWizard, Rotolight, Spiffy Gear, Sto-fen, Xlite, Hahnel, Magmod, Crumpler, Tamron, Syrp, Samsonite, Kowa, Shimoda, Rode, Lowepro, Think Tank, Ona, Pelican, Peak Design, Tamrac, Mindshift Gear, Kata, Joby, Inca, HPRC, Fotospeed, Blackrapid, Tether Tools, Weifeng, Fotopro, Velbon, Benro, Gitzo, Laowa, Mefoto, Optex, Feiyutech, Slik, Zhiyun Tech, Vanguard, Glanz, Meade, 3 Legged Thing, Movcam, SLR Magic, Hoya, B+W, Cokin, Fotodiox, Kenko, DJI, H&Y, Massa, Zeiss, Haida, Polar Pro, Vivitar, Chasing Innovations, Gladius, Zero-X, Parrot, Kaiser Baas, Wenpod, GoScope, Removu, ExpoImaging, Lume Cube, VR Shinecon, Zero, Lascala, Steiner, Konus, B&S, Acuter, Skywatcher, Burris, Fujinon, Minox, Optex, Celestron, G-Technology, Promise, Silicon Power, Sandisk, Lexar, Samsung, WD, Glanz, Angelbird, Lacie, Atomos, Sirix, Pulse Media, Barber Shop, 360Fly, BlackMagic, Camranger, Datacolor, Dicapac, Techart, Epson, FVE, GGS, Green Clean, Hiti, Ilford, Impossible, Ion, IoShutter, Jupio, Kinotehnik, Knog","Used for Cameras/Lenses Product Finders, Promotions (Catalog/Cart price rules), filtering on PLP",Global,,,,,,,Yes,,,,,,,,,Yes,
Default,Product Details,Mount type,mount,,,Dropdown,,Displayed on PDP,Global,Filterable (with results),,,,,,,,,,,1,,,Yes,Yes,
Default,Product Details,Key Features,key_features,,,Text Field,,"Displayed on PDP, used for Drones Product Finder",,,,,,,,,,,,,,,,,,
Default,Product Details,Subject,subject,,,Dropdown,"General Use, Travel, Wedding and Events, Video, Sports & Action","Used for Cameras Product 
Finder",Global,No,No,,,,,No,,,,,,,,,Yes,
Default,Product Details,Experience,experience,,,Dropdown,"Beginner, Enthusiast, Professional",Used for Cameras Product Finder,Global,No,No,,,,,No,,,,,,,,,Yes,
Default,Product Details,Camera Type,camera_type,,,Dropdown,"Interchangeable Lens, Compact",Used for Cameras Product Finder,Global,No,No,,,,,No,,,,,,,,,,
Default,Product Details,Size,size,,,Dropdown,"55 cm, 65 cm, 75 cm",,Global,Filterable (with results),,,,,,,,,,No,0,,,,,
Default,Product Details,APN,apn,,,Text Field,,,Global,,,,,,,,,,,,,,,,,
Default,Product Details,Unit of Measure,uom,,,Text Field,,,Global,,,,,,,,,,,,,,,,,
Default,Product Details,Conversion,conversion,,,Text Field,,,Global,,,,,,,,,,,,,,,,,
Default,Product Details,Barcode1,barcode1,,,Text Field,,,Global,,,,,,,,,,,,,,,,,
Default,Product Details,Barcode2,barcode2,,,Text Field,,,Global,,,,,,,,,,,,,,,,,
Default,Product Details,Barcode3,barcode3,,,Text Field,,,Global,,,,,,,,,,,,,,,,,
Default,Product Details,Barcode4,barcode4,,,Text Field,,,Global,,,,,,,,,,,,,,,,,
Default,Product Details,Stock Condition,stock_condition,,,Dropdown,"O, T, Other",,Global,,,,,,,,,,,,,,,,,
Default,Product Details,Stock Group,stock_group,,,Text Field,,,Global,,,,,,,,,,,,,,,,,
Default,Product Details,Show Overlay,overlay_id,,,Multiple Select,,Displayed on PDP,Global,,,,,,,,,,,,,,,,,
Default,Attributes,Manufacturer,manufacturer,,,Dropdown,,,Global,,,,,,,,,,,,,,,,,
Cameras,Product Details,Camera Model,camera_model,,,Dropdown,,,Global,No,No,,No,None,Yes,Yes,,Yes,Yes,No,1,Yes,Yes,No,No,No
Cameras,Product Details,Media Type,media_type,,,Multiple Select,"CompactFlash, SD, Mamory Stick, CFast, XQD, MicroSD, Dual Slot SD, Dual Slot SD+XQD, Dual Slot CompactFlash, Dual Slot CompactFlash+CFast, Dual Slot CompactFlash+SD, Dual Slot XQD",,Global,No,No,,No,None,Yes,Yes,,Yes,Yes,No,40,No,Yes,No,No,No
Cameras,Product Details,Configuration,configuration,,,Dropdown,"Body Only, Body & Kit, Body & Lens, Body & Lens & Kit",,Global,No,No,,No,None,Yes,Yes,,Yes,Yes,No,10,Yes,Yes,No,No,No
Cameras,Product Details,Photo Resolution,photo_resolution,,,Dropdown,"100 Megapixels, 80 Megapixels, 64 Megapixels, 51 Megapixels, 50 Megapixels, 47 Megapixels, 45 Megapixels, 37 Megapixels, 36 Megapixels, 30 Megapixels, 29 Megapixels, 26 Megapixels, 25 Megapixels, 24 Megapixels, 21 Megapixels, 20 Megapixels, 19 Megapixels, 18 Megapixels, 17 Megapixels, 16 Megapixels, 15 Megapixels, 14 Megapixels, 13 Megapixels, 12 Megapixels, 10 Megapixels",,Global,No,No,,No,None,Yes,Yes,,Yes,Yes,No,20,No,Yes,No,No,No
Cameras,Product Details,Video Resolution,video_resolution,,,Multiple Select,"4K, HD 1080, HD 720, Standard Definition, (None)",,Global,No,No,,No,None,Yes,Yes,,Yes,Yes,No,30,No,Yes,No,No,No
Cameras,Product Details,Sensor size,sensor_size,,,Dropdown,"Full Frame 645, 44 x 33mm (Crop 645), 45 x 30mm (Leica S), Full Frame (35mm), APS-H, APS-C, Micro Four Thirds, 1.5"", 1"", 1/2.3"", 1/3"", 1/3.2"", 1/4"", 1/5""",,Global,No,No,,No,None,Yes,Yes,,Yes,Yes,No,50,No,Yes,No,No,No
Cameras,Product Details,Connectivity,connectivity,,,Multiple Select,"Bluetooth, GPS, HDMI, NFC, Wi-Fi",,Global,No,No,,No,None,Yes,Yes,,Yes,Yes,No,60,No,Yes,No,No,No
Cameras,Product Details,Viewfinder,viewfinder,,,Dropdown,"No Built-in Viewfinder, Optional Viewfinder Available, Built-in Viewfinder",,Global,No,No,,No,None,Yes,Yes,,Yes,Yes,No,70,No,Yes,No,No,No
Cameras,Product Details,In-Body Stabilisation,inbody_stabilisation,,,Dropdown,"Yes, No",,Global,No,No,,No,None,Yes,Yes,,Yes,Yes,No,80,No,Yes,No,No,No
Cameras,Product Details,Optical Zoom,optical_zoom,,,Dropdown,"1x, 3x, 4x, 5x, 6x, 7x, 8x, 10x, 12x, 15x, 16x, 20x, 22x, 24x, 25x, 30x, 35x, 40x, 42x, 50x, 52x, 60x, 65x, 83x, 90x, 125x",,Global,No,No,,No,None,Yes,Yes,,Yes,Yes,No,90,No,Yes,No,No,No
Cameras,Product Details,Special Features,special_features,,,Multiple Select,"Bluetooth, Waterproof, Wi-Fi, Bridge Camera",,Global,No,No,,No,None,Yes,Yes,,Yes,Yes,No,100,No,Yes,No,No,No
Cameras,Camcorders,Sensor Size Camcorders,sensor_size_camcorders,Sensor Size ,,Dropdown,"1-inch, 2/3"", 1/2.3"", 1/2.5"", 1/2.8"", 1/3"", 1/4.8"", 1/5.8""",,Global,No,No,,No,None,Yes,Yes,,Yes,Yes,No,20,No,Yes,No,No,No
Cameras,Product Details,Internal Memory,internal_memory,,,Dropdown,"Yes, No",,Global,No,No,,No,None,Yes,Yes,,Yes,Yes,No,30,No,Yes,No,No,No
Cameras,Product Details,LCD Display Size,lcd_display_size,,,Dropdown,"3.5"", 3""/3.2"", 2.7""/2.8"", 2""/2.2"", 1.5""/1.8""",,Global,No,No,,No,None,Yes,Yes,,Yes,Yes,No,40,No,Yes,No,No,No
Cameras,Product Details,Depth Rating,depth_rating,,,Dropdown,"3m, 10m, 20m, 25m, 30m, 35m,",,Global,No,No,,No,None,Yes,Yes,,Yes,Yes,No,50,No,Yes,No,No,No
Cameras,Product Details,Film Format,film_format,,,Multiple Select,"35mm, 110mm, 120mm, instax mini, ",,Global,No,No,,No,None,Yes,Yes,,Yes,Yes,No,10,Yes,Yes,No,No,No
Lenses,Product Details,Mount type (Lens Mount),mount_lenses,,,Dropdown,"Canon EOS (EF), Nikon F, Pentax, Sigma SA, Sony A-mount, Four Thirds, Canon EF-M, Canon RF, Fujifilm X Mount, Leica L-mount, Micro Four Thirds, Nikon 1, Nikon Z mount, Samsung NX, Sony E-mount",,Global,No,No,,No,None,Yes,Yes,,Yes,Yes,No,20,Yes,Yes,No,No,No
Lenses,Product Details,Fixed Focal Length,fixed_focal_lenth,,,Dropdown,"4.5mm, 5.6mm, 5.8mm, 6.5mm, 7.3mm, 7.5mm, 8mm, 9mm, 10mm, 10.5mm, 11mm, 12mm, 14mm, 15mm, 16mm, 17mm, 17.5mm, 18mm, 19mm, 20mm, 21mm, 22mm, 23mm, 24mm, 25mm, 27mm, 28mm, 30mm, 31mm, 32mm, 35mm, 40mm, 42.5mm, 43mm, 45mm, 50mm, 55mm, 56mm, 58mm, 60mm, 65mm, 70mm, 75mm, 77mm, 80mm, 85mm, 90mm, 100mm, 105mm, 110mm, 135mm, 150mm, 180mm, 200mm, 300mm, 400mm, 500mm, 560mm, 600mm, 800mm, ",,Global,No,No,,No,None,Yes,Yes,,Yes,Yes,No,30,No,Yes,No,No,No
Lenses,Product Details,Zoom Focal Length,zoom_focal_length,,,Dropdown,"6-11mm, 7-14mm, 8-16mm, 8-18mm, 9-18mm, 10-18mm, 10-24mm, 11-22mm, 11-23mm, 12-24mm, 12-35mm, 12-40mm, 12-60mm, 12-100mm, 12-400mm, 14-30mm, 14-42mm, 14-45mm, 14-140mm, 14-150mm, 15-45mm, 16-35mm, 16-50mm, 16-55mm, 16-70mm, 17-28mm, 18-55mm, 18-56mm, 18-105mm, 18-135mm, 18-150mm, 18-200mm, 24-70mm, 24-90mm, 24-105mm, 24-240mm, 28-70mm, 28-75mm, 35-100mm, 40-150mm, 45-150mm, 45-175mm, 45-200mm, 50-140mm, 50-200mm, 50-230mm, 55-135mm, 55-200mm, 55-210mm, 70-200mm, 70-300mm, 75-300mm, 90-280mm, 100-300mm, 100-400mm, 150-600mm",,Global,No,No,,No,None,Yes,Yes,,Yes,Yes,No,40,No,Yes,No,No,No
Lenses,Product Details,Image Stabilisation,image_stabilisation,,,Dropdown,"Yes, No",,Global,No,No,,No,None,Yes,Yes,,Yes,Yes,No,50,No,Yes,No,No,No
Lenses,Product Details,Lens Format,lens_format,,,Dropdown,"Full Frame Lenses, APS-C Lenses, Four Thirds, Micro Four Thirds, 1""",,Global,No,No,,No,None,Yes,Yes,,Yes,Yes,No,30,No,Yes,No,No,No
Lenses,Product Details,Maximum Aperture,aperture,,,Dropdown,"f/1.2, f/1.4, f/1.8, f/1.9, f/2, f/2.4, f/2.5, f/2.8, f/3.2, f/3.5, f/3.5-4.5, f/3.5-5.6, f/2.8-4, f/4, f/4-5.6, f/4.5, f/5.6, f/3.5-6.3, f/6.3, f/8, f/4-5.8, f/4.5-5.6, f/4.5-6.3, f/14, f/5-6.3",,Global,No,No,,No,None,Yes,Yes,,Yes,Yes,No,51,No,Yes,No,No,No
Lenses,Product Details,Special Features,special_features_lenses,,,Multiple Select,"Aspherical, Bokeh Effect, Tilt/Shift, Weather Resistant, Dustproof/Splashproof",,Global,No,No,,No,None,Yes,Yes,,Yes,Yes,No,60,No,Yes,No,No,No
Lenses,Product Details,Focus Type,focus_type,,,Multiple Select,"Autofocus, Manual Focus Only",,Global,No,No,,No,None,Yes,Yes,,Yes,Yes,No,41,No,Yes,No,No,No
Lenses,Product Details,Lens Type,lens_type,,,Multiple Select,"Wide, Wide Zoom, Standard, Standard Zoom, All-In-One Zoom, Medium Telephoto, Telephoto, Super Telephoto, Telephoto Zoom",,Global,No,No,,No,None,Yes,Yes,,Yes,Yes,No,30,No,Yes,No,No,No
Lenses,Product Details,Lens Series,lens_series,,,Dropdown,"Canon BR, Canon EF Series, Canon STM Series, Canon EF-S Series, Canon L Series, Canon TS-E, Canon USM Series, Irix Blackstone, Irix Dragonfly Series, Irix Firefly Series, Lensbaby Sol Series, Mitakon Creator, Mitakon Speedmaster, Nikkor ED, Nikon AF-D, Nikon AF-P Series, Nikon AF-S Series, Nikon AI-S Series, Nikon DX, Nikon E Series, Nikon G Series, Nikon PC-E, Nikon PF, Pentax DA, Samyang HD, Pentax FA, Pentax HD, Sigma ART Series, Rokinon SP, Samyang XP, Sigma DC, Sony G, Sigma DG, Sigma Sports, Sony DT, Sony Zeiss, Tamron Di, Venus Laowa, Tamron Di II, Tamron PZD, Tokina AT-X, Voigtlander Nokton, Tokina DX, Tokina FX, Tokina opera, Voigtlander Ultron, Yongnuo YN, Zeiss Classic, Zeiss Milvus, Zeiss Otus, Zeiss ZE",,Global,No,No,,No,None,Yes,Yes,,Yes,Yes,No,10,No,Yes,No,No,No
Lenses,Digital Cine Lenses,Zoom Ratio,zoom_ratio,,,Dropdown,"1.5x, 1.75x, 1.8x, 1.9x, 2x, 2.4x, 2.5x, 2.7x, 2.8x, 2.9x, 3x, 3.5x, 4x, 4.1x, 4.4x, 4.7x, 4.8x, 5.3x, 5.5x, 6x, 7x, 7.5x, 10x, 12x, 20x",,Global,No,No,,No,None,Yes,Yes,,Yes,Yes,No,10,No,Yes,No,No,No
Lenses,Special Effects Lenses,Lens Effect,lens_effect,,,Multiple Select,"Aperture Set, Fisheye, Bokeh, Macro, Flat Field Focus, Wide Angle, Pinhole, Optic Kit, Selective Focus, Soft Focus, Tilt/Shift",,Global,No,No,,No,None,Yes,Yes,,Yes,Yes,No,10,No,Yes,No,No,No
Lens Filters,Product Details,Filter Type,filter_type,,,Multiple Select,"Black & White Contrast, Clear Protection, Color Compensating, Cooling, Color Conversion, Fluorescent, Graduated, Neutral Density, Image Softening, Infrared, Tungsten, Warming, Polarizing, Special Effect, UV",,Global,No,No,,No,None,Yes,Yes,,Yes,Yes,No,10,No,Yes,No,No,No
Lens Filters,Product Details,Filter Size,filter_size,,,Dropdown,"25mm, 30.5mm, 49mm, 27mm, 36mm, 52mm, 28mm, 37mm, 55mm, 30mm, 58mm, 40.5mm, 62mm, 32.5mm, 43mm, 67mm, 34mm, 46mm, 72mm, 35mm, 77mm, 82mm, 105mm, 86mm, 114mm, 53mm, 95mm, 138mm, 100mm, 100mm Drop In, 145mm, 150mm",,Global,No,No,,No,None,Yes,Yes,,Yes,Yes,No,20,No,Yes,No,No,No
Lens Filters,Product Details,Features,lens_features,,,Multiple Select,"Multi-coated, Slim, Wide, IR Control, Extra-wide, Solar Photography Design",,Global,No,No,,No,None,Yes,Yes,,Yes,Yes,No,50,No,Yes,No,No,No
Lens Filters,UV / Clear & Skylight Filters,UV Type,uv_type,,,Dropdown,"UV (Standard), UV IR CUT, UV-15, UV-16, UV-17, UV 370, UV 395, UV 400, UV-410, UV-415, UV-Haze 2A, UV-Haze 2B, UV-Haze 2E, Warm UV, Warm UV-17",,Global,No,No,,No,None,Yes,Yes,,Yes,Yes,No,21,No,Yes,No,No,No
Lens Filters,Polarising Filters,Polarising Type,polarising_type,,,Dropdown,"Circular, Linear",,Global,No,No,,No,None,Yes,Yes,,Yes,Yes,No,21,No,Yes,No,No,No
Lens Filters,Polarising Filters,Polariser Combinations,polariser_combinations,,,Dropdown,"Plain Polarizers, Gold-Blue / Orange-Blue, w/ Neutral Density, w/ 81A, w/ 85, w/ 85B, w/ Warming, w/ Intensifying",,Global,No,No,,No,None,Yes,Yes,,Yes,Yes,No,31,No,Yes,No,No,No
Lens Filters,Neutral Density Filters,Density,density,,,Dropdown,"0.1 (0.3 stop), 0.15 (0.5 stop), 0.3 (1 stop), 0.2 (0.7 stop), 0.6 (2 stop), 0.9 (3 stop), 0.4 (1.3 stop), 1.2 (4 stop), 0.45 (1.5 stop), 1.5 (5 stop), 0.5 (1.6 stop), 1.8 (6 stop), 2.1 (7 stop), 0.7 (2.3 stop), 2.4 (8 stop), 0.75 (2.5 stop, 3.0 (10 stop), 0.8 (2.6 stop), 1.0 (3.3 stop), 2.0 (6.6 stop), 2.7 (9 stop), 3.3 (11 stop), 3.6 (12 stop), 3.9 (13 stop), 4.5 (15 stop), 4.8 (16 stop), 5.4 (18 stop), 6.0 (20 stop), 6.6 (22 stop), 7.2 (24 stop)",,Global,No,No,,No,None,Yes,Yes,,Yes,Yes,No,21,No,Yes,No,No,No
Lens Filters,Close Up Filters,Diopter Strength,diopter_strength,,,Multiple Select,"Sets, +1/4, +1/2, +1, +2, +3, +4, +5, +10",,Global,No,No,,No,None,Yes,Yes,,Yes,Yes,No,21,No,Yes,No,No,No
Lens Filters,Drone Filters,Works With,drone_filter,,,Multiple Select,"Mavic 2 Pro, Mavic 2 Zoom, Mavic Air, Mavic Pro, Phantom 4, Phantom 4 Pro, Phantom 4 Pro+, Spark, Inspire 1, Inspire 2, Phantom 3 Professional, Phantom 3 Advanced, Phantom 3 4K, Phantom 3 Standard, Zenmuse X3, Zenmuse X4S, Zenmuse X5, Zenmuse X5R, Zenmuse X5S, Zenmuse Z3, Zenmuse X7",,Global,No,No,,No,None,Yes,Yes,,Yes,Yes,No,21,No,Yes,No,No,No
Lens Filters,Product Details,Colour,colour_filter,,,Dropdown,"Blue, Green, Red, Orange, Yellow, Yellow/Green, Yellow/Orange",,Global,No,No,,No,None,Yes,Yes,,Yes,Yes,No,21,No,Yes,No,No,No
Lens Filters,Product Details,Coating,coating,,,Dropdown,"Multi-coated, Single Coated",,Global,No,No,,No,None,Yes,Yes,,Yes,Yes,No,40,No,Yes,No,No,No
Lens Filters,Product Details,Cokin Kit Type,kit_type_cokin,,,Multiple Select,"Polarizing, Creative Effects, Diffusion, Graduated Color, Graduated Neutral Density, Infrared Creative, Landscape/Scenic, ND/Polarizing, Neutral Density, Portraiture",,Global,No,No,,No,None,Yes,Yes,,Yes,Yes,No,21,No,Yes,No,No,No
Lens Filters,Haida System,Rectangular Sizes,rectangular_sizes,,,Dropdown,"4"" x 4"", 4"" x 6"", 6"" x 6"", 6.0 x 6.7"" / 150 x 170mm",,Global,No,No,,No,None,Yes,Yes,,Yes,Yes,No,21,No,Yes,No,No,No
Lens Filters,Filter Accessories,Step-Up Rings,step_up_rings,,,Dropdown,"37-37.5mm, 37-40.5mm, 37-43mm, 37-46mm, 37-48mm, 37-49mm, 37-52mm, 37-55mm, 37-58mm, 37-67mm, 40.5-46mm, 40.5-48mm, 40.5-49mm, 40.5-52mm, 40.5-55mm, 40.5-58mm, 43-46mm, 43-49mm, 43-55mm, 43-58mm, 43-60mm, 43-62mm, 43-67mm, 43-72mm, 43.5-46mm, 45-55mm, 46-49mm, 46-52mm, 46-55mm, 46-58mm, 46-62mm, 46-67mm, 46-72mm, 46-77mm, 46.5-55mm, 49-52mm, 49-55mm, 49-58mm, 49-60mm, 49-62mm, 49-67mm, 49-72mm, 49-77mm, 52-55mm, 52-58mm, 52-60mm, 52-62mm, 52-67mm, 52-72mm, 52-77mm, 52-82mm, 55-58mm, 55-60mm, 55-62mm, 55-67mm, 55-72mm, 55-77mm, 55-82mm, 58-60mm, 58-62mm, 58-67mm, 58-72mm , 58-77mm, 58-82mm, 58-86mm, 59-60mm, 60-62mm, 60-67mm, 60-72mm, 60-77mm, 60-82mm, 62-67mm, 62-72mm, 62-77mm, 62-82mm, 62-105mm, 67-72mm, 67-77mm, 67-82mm, 67-86mm, 67-95mm, 67-105mm, 69-72mm, 69-77mm, 72-77mm, 72-82mm, 72-86mm, 72-95mm, 72-105mm, 77-82mm, 77-86mm, 77-95mm, 77-105mm, 82-86mm, 82-95mm, 82-105mm, 86-95mm, 86-105mm",,Global,No,No,,No,None,Yes,Yes,,Yes,Yes,No,20,No,Yes,No,No,No
Lens Filters,Filter Accessories,Step-Down Rings,step_down_rings,,,Dropdown,"40.5-37mm, 42-39mm, 43-34mm, 43-37mm, 43-39mm, 43-40.5mm, 43.5-37mm, 44-35.5mm, 46-35.5mm, 46-37mm, 46-39mm, 46-40.5mm, 46-43mm, 46-43.5mm, 48-40.5mm, 48-43mm, 48-46mm, 49-34mm, 49-35.5mm, 49-37mm, 49-39mm, 49-40.5mm, 49-43mm, 49-46mm, 49-48mm, 50-49mm, 52-37mm, 52-40.5mm, 52-43mm, 52-46mm, 52-48mm, 52-49mm, 54-46mm, 54-48mm, 54-49mm, 54-52mm, 55-37mm, 55-46mm, 55-48mm, 55-49mm, 55-52mm, 55-54mm, 58-37mm, 58-46mm, 58-48mm, 58-49mm, 58-52mm, 58-54mm, 58-55mm, 59-55mm, 60-54mm, 60-55mm, 60-58mm, 62-46mm, 62-49mm, 62-52mm, 62-54mm, 62-55mm, 62-58mm, 67-49mm, 67-52mm, 67-54mm, 67-55mm, 67-58mm, 67-62mm, 69-52mm, 69-62mm, 69-67mm, 72-52mm, 72-54mm, 72-55mm, 72-58mm, 72-62mm, 72-67mm, 74-62mm, 74-67mm, 74-72mm, 75-62mm, 75-67mm, 77-52mm, 77-54mm, 77-55mm , 77-58mm, 77-62mm, 77-67mm, 77-72mm, 82-67mm, 82-72mm, 82-77mm, 86-77mm, 86-82mm, 95-86mm",,Global,No,No,,No,None,Yes,Yes,,Yes,Yes,No,20,No,Yes,No,No,No
Lens Filters,Filter Accessories,Other Filter Accessories,other_filter_accessories,,,Multiple Select,,,Global,No,No,,No,None,Yes,Yes,,Yes,Yes,No,10,No,Yes,No,No,No
Lens Accessories,Lens Adapters,Camera Fitting (Male),camera_fitting_male,,,Dropdown,"Canon EOS M, Fujifilm X, Leica M, Micro Four Thirds, Nikon, Canon EOS EF/EF-S, Sony Alpha / Minolta AF, Sony E (NEX), Fujifilm GFX, Nikon 1",,Global,No,No,,No,None,Yes,Yes,,Yes,Yes,No,10,No,Yes,No,No,No
Lens Accessories,Lens Adapters,Lens Fitting (Female),lens_fitting_female,,,Dropdown,"Canon EOS, Canon FD, Contax/Yashica, Leica R, Nikon F, Nikon G, Olympus OM, Leica M, Minolta MD, M42 Screw",,Global,No,No,,No,None,Yes,Yes,,Yes,Yes,No,20,No,Yes,No,No,No
Lens Accessories,Lens Adapters,Features,lens_adapter_features,,,Multiple Select,"Basic Adapter, Electronic Adapter, Interchangeable Mounts, Macro Helicoid, Professional, SpeedBooster / Baveyes, With Aperture Control, With Focus Confirmation, With Variable ND Filter, With 1.4x Focus Correction",,Global,No,No,,No,None,Yes,Yes,,Yes,Yes,No,30,No,Yes,No,No,No
Lens Accessories,Teleconverters,Camera Mount Type,camera_mount_type,,,Dropdown,"C Mount, Canon EOS, Fujifilm, Nikon, Sigma, PL Mount, Micro Four Thirds, Sony Alpha / Minolta AF, Sony E, T Mount",,Global,No,No,,No,None,Yes,Yes,,Yes,Yes,No,10,No,Yes,No,No,No
Lens Accessories,Teleconverters,Conversion Factor,conversion_factor,,,Dropdown,"1.4x, 1.7x, 2x",,Global,No,No,,No,None,Yes,Yes,,Yes,Yes,No,20,No,Yes,No,No,No
Lens Accessories,Lens Caps,Cap Type,cap_type,,,Dropdown,"Front Hood Cap, Front Lens Cap, Rear Lens Cap",,Global,No,No,,No,None,Yes,Yes,,Yes,Yes,No,10,No,Yes,No,No,No
Lens Accessories,Lens Caps,Attachment Type,attachment_type,,,Dropdown,"Screw-In, Snap-On",,Global,No,No,,No,None,Yes,Yes,,Yes,Yes,No,20,No,Yes,No,No,No
Lens Accessories,Lens Caps,Diameter,diameter,,,Dropdown,"49mm, 52mm, 46mm, 58mm, 62mm, 72mm, 55mm, 67mm, 77mm, 82mm",,Global,No,No,,No,None,Yes,Yes,,Yes,Yes,No,30,No,Yes,No,No,No
Lens Accessories,Lens Caps,Rear Lens Cap Mount,rear_lens_cap_mount,,,Dropdown,"Canon EOS EF, Canon EOS M, Canon EOS RF, C Mount, Four Thirds, Fujifilm G, Fujifilm X, Hasselblad, Leica L, Leica M, Leica R, Leica S, Micro Four Thirds, Minolta MD, Miranda, Nikon F, Nikon Z mount, Nikon 1, Olympus OM, Pentax 645, Pentax K, Pentax Screw/Universal/M42, Pentax Q, Sigma SA, Sony A-mount, Sony E-mount",,Global,No,No,,No,None,Yes,Yes,,Yes,Yes,No,40,No,Yes,No,No,No
Lens Accessories,Lens Hoods,Hood Type,hood_type,,,Dropdown,"Dedicated, Non-dedicated",,Global,No,No,,No,None,Yes,Yes,,Yes,Yes,No,10,No,Yes,No,No,No
Lens Accessories,Lens Hoods,Lens Angle Range,lens_angle_range,,,Dropdown,"Wide Angle, Standard, Telephoto, Super Telephoto, Multi-angle/Adjustable, Angle Not Specified",,Global,No,No,,No,None,Yes,Yes,,Yes,Yes,No,20,No,Yes,No,No,No
Lens Accessories,Lens Hoods,Construction,construction,,,Dropdown,"Metal, Plastic, Rubber, Foldable Nylon Material",,Global,No,No,,No,None,Yes,Yes,,Yes,Yes,No,30,No,Yes,No,No,No
Lens Accessories,Lens Cap Savers,Cap Holder Type,cap_holder_type,,,Dropdown,"Clip, Leash, Cap Holder",,Global,No,No,,No,None,Yes,Yes,,Yes,Yes,No,10,No,Yes,No,No,No
Lens Accessories,Extension Tubes,Camera Body Mount,camera_body_mount,,,Dropdown,"Canon EOS (EF), Canon EOS-M, Four Thirds, Fujifilm GFX, Fujifilm X Mount, Hasselblad H, Hasselblad V, Micro Four Thirds, Nikon 1, Nikon F, Pentax K, Sony A-mount, Sony E-mount",,Global,No,No,,No,None,Yes,Yes,,Yes,Yes,No,10,No,Yes,No,No,No
Lens Accessories,Lens Supports,Support Type,support_type,,,Dropdown,"Carrier Cap, Focus & Zoom Handle, Hardware, Lens Carrier, Replacement Foot, Strap Lens Cradle, Tripod Adapter",,Global,No,No,,No,None,Yes,Yes,,Yes,Yes,No,10,No,Yes,No,No,No
Lens Accessories,Lens Supports,Compatibility,lenses_compatibility,,,Multiple Select,"Canon EOS EF, Universal, Fujifilm X, Sigma, Leica SL, Micro 4/3, Tamron, Nikon Lens, Sony A, Sony E",,Global,No,No,,No,None,Yes,Yes,,Yes,Yes,No,20,No,Yes,No,No,No
Flash & Accessories,Camera Flashes,Flash Type,flash_type,,,Dropdown,"TTL, Manual, Auto (Non-TTL)",,Global,No,No,,No,None,Yes,Yes,,Yes,Yes,No,10,No,Yes,No,No,No
Flash & Accessories,Camera Flashes,TTL System,ttl_system,,,Dropdown,"Canon, Fujifilm, Leica, Nikon, Olympus/Panasonic, Pentax, Samsung NX, Sigma, Sony (Multi Interface), Sony (Minolta Shoe), Requires Module/Transmitter",,Global,No,No,,No,None,Yes,Yes,,Yes,Yes,No,20,No,Yes,No,No,No
Flash & Accessories,Camera Flashes,Features,features_flash,,,Multiple Select,"R2 integrated, Canon RT integrated",,Global,No,No,,No,None,Yes,Yes,,Yes,Yes,No,30,No,Yes,No,No,No
Flash & Accessories,Radio & Optical Slaves,Transmitters/Sets,transmitters_sets,,,Dropdown,"Transmitters/Receivers Only, Sets/Kits",,Global,No,No,,No,None,Yes,Yes,,Yes,Yes,No,10,No,Yes,No,No,No
Flash & Accessories,Radio & Optical Slaves,Radio & IR Type,radio_ir_type,,,Dropdown,"Radio Transceivers, Radio Transmitters, Radio Receivers, Transceiver Sets, Transceiver/Receiver Sets, Transceiver/Transmitter Sets, Transmitter/Receiver Sets, IR Transmitters, IR Receivers, IR Sets",,Global,No,No,,No,None,Yes,Yes,,Yes,Yes,No,20,No,Yes,No,No,No
Flash & Accessories,Radio & Optical Slaves,TTL/Non-TTL Type,ttl_non_tl_type,,,Multiple Select,"Canon TTL, Fujifilm TTL, Leica TTL, Nikon TTL, Olympus TTL, Panasonic TTL, Pentax TTL, Sony TTL, Multiple System TTL, Non-TTL",,Global,No,No,,No,None,Yes,Yes,,Yes,Yes,No,30,No,Yes,No,No,No
Flash & Accessories,Radio & Optical Slaves,Channels,channels,,,Dropdown,"1, 2, 3, 4, 7, 8, 9, 10, 14, 15, 16, 20, 32, 40, 52, 80, 160",,Global,No,No,,No,None,Yes,Yes,,Yes,Yes,No,50,No,Yes,No,No,No
Flash & Accessories,Radio & Optical Slaves,Range,range,,,Dropdown,"10, 15, 15, 18, 20, 23, 24, 26, 30, 30, 35, 37, 40, 46, 50, 50, 61, 79, 91, 98, 100, 120, 122, 150, 180, 183, 200, 219, 244, 270, 300, 305, 488, 533, 975",,Global,No,No,,No,None,Yes,Yes,,Yes,Yes,No,20,No,Yes,No,No,No
Flash & Accessories,Radio & Optical Slaves,Radio Frequency,radio_frequency,,,Dropdown,"340-354 MHz, 344 MHz, 433 MHz, 902-928 MHz, 2.4 GHz, IR-No Frequency",,Global,No,No,,No,None,Yes,Yes,,Yes,Yes,No,30,No,Yes,No,No,No
Flash & Accessories,Radio & Optical Slaves,Cable Type,cable_type,,,Dropdown,"Flash Sync Cord, Camera Trigger, Adapters, Extensions",,Global,No,No,,No,None,Yes,Yes,,Yes,Yes,No,10,No,Yes,No,No,No
Flash & Accessories,Radio & Optical Slaves,A Side Connection,a_side_connection,,,Dropdown,"Miniphone-3.5mm, Miniphone-3.5mm Female, Sub-Miniphone-2.5mm, Hot Shoe, Household, Household 3-Pin, PC Female, PC Male, Proprietary, USB Mini B",,Global,No,No,,No,None,Yes,Yes,,Yes,Yes,No,20,No,Yes,No,No,No
Flash & Accessories,Radio & Optical Slaves,Flash Connection,flash_connection,,,Dropdown,"Hot Shoe, Household, Miniphone, PC Female, PC Male, 1/4"" Phono Plug, Sub-miniphone, USB Mini B, Elinchrom, Metz 6-pin, Metz 8-pin",,Global,No,No,,No,None,Yes,Yes,,Yes,Yes,No,30,No,Yes,No,No,No
Flash & Accessories,Radio & Optical Slaves,Camera Connection,camera_connection,,,Dropdown,"Canon N3 (3-pin), Canon Sub-mini, Hasselblad, iPhone/iPad, Nikon 10-pin, Nikon 2-pin, Nikon DC-1, Nikon DC-2, Nikon Screw Lock, Olympus, Panasonic, Pentax SLR/645, Sony/Minolta, Sony Multi-Terminal, Hot Shoe, PC Connection, No Camera Connection",,Global,No,No,,No,None,Yes,Yes,,Yes,Yes,No,20,No,Yes,No,No,No
Flash & Accessories,Product Details,Length,length_flash,,,Dropdown,"Less Than 0.3m, 0.3m, 0.9m, 1.2m, 1.5m, 1.8m, 3.0m, 4.6m, ",,Global,No,No,,No,None,Yes,Yes,,Yes,Yes,No,20,No,Yes,No,No,No
Flash & Accessories,Product Details,Accessory Type,accessory_type_flash,,,Multiple Select,"AC Adapter Plugs, Accessory Shoes, Antennas, Belt Clips, Cases & Covers, Chargers, Flash Adapters, Flash Cables, Flash Confirmation, Hot Shoe Adapters, Mounts & Brackets, Power Cables, Radio Shields, Trigger Buttons, TTL Camera Adapters, Zone Controllers",,Global,No,No,,No,None,Yes,Yes,,Yes,Yes,No,20,No,Yes,No,No,No
Flash & Accessories,Product Details,Compatibility,compatibility_flash,,,Multiple Select,"Canon TTL, Fujifilm, Manual, Minolta, Olympus, Four Thirds, Leica, Panasonic, Pentax, Samsung, Sigma, Nikon TTL, Sony Manual, Sony TTL, Olympus / Panasonic",,Global,No,No,,No,None,Yes,Yes,,Yes,Yes,No,20,No,Yes,No,No,No
Flash & Accessories,Flash Accessories,Modifier Type,modifier_type,,,Dropdown,"Beauty Dishes, Bounce Diffusers, Color Filters/Gels, Domes & Spheres, Grids/Honeycombs, Kits/Variety Sets, Pop-Up Flash Modifiers, Reflectors/Bounce Cards, Replacement Panels, Ring Flash, Shoot-Through Panels, Snoots, Softboxes (Rectangular), Softboxes (Round), Tele Flash Extenders, Wide Fresnels",,Global,No,No,,No,None,Yes,Yes,,Yes,Yes,No,10,No,Yes,No,No,No
Flash & Accessories,Flash Accessories,Adapter Type,adapter_type_pc,,,Dropdown,"Hot Shoe to PC, Household/F f/Flash Unit, PC Sync f/Flash Unit, Sony Multi-interface - Sony/Minolta Shoe, Sony Multi-interface to PC, Sony NEX 3/5 Shoe to Std. Hot Shoe, Sony/Minolta Shoe to PC, Sony/Minolta to Multi-interface Shoe, Std. Hot Shoe to Sony/Minolta Shoe",,Global,No,No,,No,None,Yes,Yes,,Yes,Yes,No,10,No,Yes,No,No,No
Flash & Accessories,Flash Accessories,Cord Type,cord_type_pc,,,Dropdown,"PC to Hot Shoe, PC to Miniphone, PC Female to Female, PC Male to Male, PC Male to Female, PC to Elinchrom, PC to Hasselblad, PC to Metz 6-pin, PC to Metz 8-pin, PC to Metz 45CT-1, Rollei PC to PC/M, Elinchrom Extensions, Sync Adapters, PC Tools",,Global,No,No,,No,None,Yes,Yes,,Yes,Yes,No,10,No,Yes,No,No,No
Flash & Accessories,Flash Accessories,Top Mounting,top_mounting,,,Dropdown,"Accessory Shoe, Double Shoe, Triple Shoe, Shoe Bar, 1/4""-20 Male, 1/4""-20 Female, 5/8""-27 Male, Accessory Foot, Arca Clamp",,Global,No,No,,No,None,Yes,Yes,,Yes,Yes,No,20,No,Yes,No,No,No
Flash & Accessories,Flash Accessories,Bottom Mounting,bottom_mounting,,,Dropdown,"Accessory Foot, 1/4""-20 Male, 1/4""-20 Female, 3/8""-16 Male, 3/8""-16 Female, Adhesive",,Global,No,No,,No,None,Yes,Yes,,Yes,Yes,No,30,No,Yes,No,No,No
On-Camera Lighting,Product Details,Technology,technology,,,Dropdown,"LED, Tungsten",,Global,No,No,,No,None,Yes,Yes,,Yes,Yes,No,10,No,Yes,No,No,No
On-Camera Lighting,Product Details,Voltage Type,voltage_type,,,Dropdown,"DC, AC, AC/DC",,Global,No,No,,No,None,Yes,Yes,,Yes,Yes,No,20,No,Yes,No,No,No
On-Camera Lighting,Product Details,Power Connection/Source,power_connection_source,,,Multiple Select,"Power Tap, 4-pin XLR, Cigarette Plug, AC Power Plug, USB Connector, Proprietary Cable, AA Batteries, AAA Batteries, CR2032 Batteries, Proprietary Battery Pack",,Global,No,No,,No,None,Yes,Yes,,Yes,Yes,No,30,No,Yes,No,No,No
On-Camera Lighting,Product Details,Wattage (Halogen Type),wattage_halogen_type,,,Dropdown,"3W, 10W, 20W, 25W, 35W, 50W, 70W, 75W, 100W, 105W, 150W, 235W, 250W",,Global,No,No,,No,None,Yes,Yes,,Yes,Yes,No,40,No,Yes,No,No,No
On-Camera Lighting,Product Details,Mount Type,mount_type,,,Multiple Select,"Shoe Mount, 1/4-20 Thread, 1/2"" Stud Mount, 5/8"" Stud Mount, Rod Mount, Magnetic, Dedicated",,Global,No,No,,No,None,Yes,Yes,,Yes,Yes,No,50,No,Yes,No,No,No
On-Camera Lighting,Product Details,Features,on_camera_features,,,Multiple Select,"Dimmable, Infrared Output, External DC Input, Color Temp-Variable Control, Curved Design, Built-in Flash, Multi Fixture Kit, Switchable Output, Multi-Interface Shoe, iPhone Compatibility, Ring Light Design, Water Resistant, Wireless Ready, (None of the Above)",,Global,No,No,,No,None,Yes,Yes,,Yes,Yes,No,60,No,Yes,No,No,No
On-Camera Lighting,Product Details,Power Type,power_type,,,Multiple Select,"AC Power Adapters, Battery Adapter Plates, Battery Chargers, Battery Belt, Battery Belt & Charger, Battery Pack, Battery Pack & Charger, Battery Pouch, Battery Pouch & Charger",,Global,No,No,,No,None,Yes,Yes,,Yes,Yes,No,70,No,Yes,No,No,No
On-Camera Lighting,Power Cables & Adapters,Power Connectivity,power_connectivity,,,Dropdown,"Power Tap (Male), 4-Pin XLR (Male), Cigarette Plug (Male), Barrel Connector (Male), Barrel Connector (Female), Proprietary Multi-Pin (Male), AC Plug",,Global,No,No,,No,None,Yes,Yes,,Yes,Yes,No,80,No,Yes,No,No,No
On-Camera Lighting,Power Cables & Adapters,Cable/Adapter Type,cable_adapter_type,,,Dropdown,"Cables, Adapters, Extension Cables, Power Base Modules",,Global,No,No,,No,None,Yes,Yes,,Yes,Yes,No,90,No,Yes,No,No,No
On-Camera Lighting,Power Cables & Adapters,Fixture Connectivity,fixture_connectivity,,,Multiple Select,"4-Pin XLR, 3-Pin Plug (Proprietary), 2-Pin Plug (Proprietary), Barrel Connector (Male), Power Base Module",,Global,No,No,,No,None,Yes,Yes,,Yes,Yes,No,11,No,Yes,No,No,No
On-Camera Lighting,Power Cables & Adapters,Length,length,,,Dropdown,"Less Than 0.3m, 0.3m, 0.9m, 1.2m, 1.5m, 1.8m, 3.0m, 4.6m, ",,Global,No,No,,No,None,Yes,Yes,,Yes,Yes,No,11,No,Yes,No,No,No
On-Camera Lighting,Mounts & Brackets,Mount/Bracket Type,mount/bracket_type,,,Multiple Select,"360 Mount, Adapter Stud, Belt Clip, Flex Arm, Hand Grip, Head Mounting Strap, L-Bracket, Light Stand Mount, Magnetic Mount, Mount Adapter, Mounting Bracket, Mounting Clamp, Shoe Mount, Shoe Mounting Bracket, Rod Mounting Bracket, Scissor Clamp, Smartphone Mount, Swivel Head Mount, Table Top Tripod, Thread Mount Adapter, Wedge Mount",,Global,No,No,,No,None,Yes,Yes,,Yes,Yes,No,11,No,Yes,No,No,No
On-Camera Lighting,Mounts & Brackets,Attachment Method,attachment_method,,,Dropdown,"1/4""-20 (Male), 1/4""-20 (Female), 3/8""-16 (Female), 1/2"" Stud, 1/2"" (Female), 5/8"" Stud, 5/8"" (Female), Shoe Mount (Female), Dedicated",,Global,No,No,,No,None,Yes,Yes,,Yes,Yes,No,21,No,Yes,No,No,No
On-Camera Lighting,Articulating Arms,Top Mount Type,top_mount_type_arms,,,Dropdown,"1/4""-20, 3/8""-16, 5/8"" Stud, 15mm Rod Stud, 15mm Rod Mount, Shoe Mount (female), Clamp Mount",,Global,No,No,,No,None,Yes,Yes,,Yes,Yes,No,11,No,Yes,No,No,No
On-Camera Lighting,Articulating Arms,Arm Length,arm_length,,,Dropdown,"8cm, 9cm, 10cm, 11cm, 12cm, 13cm, 14cm, 15cm, 17cm, 18cm, 19cm, 20cm, 22cm, 23cm, 24cm, 25cm, 26cm, 27cm, 28cm, 29cm, 30cm, 33cm, 36cm, 38cm, 40cm, 46cm, 48cm, 56cm, 60cm, 61cm, 64cm, 66cm, 85cm, 86cm",,Global,No,No,,No,None,Yes,Yes,,Yes,Yes,No,21,No,Yes,No,No,No
On-Camera Lighting,Articulating Arms,Bottom Mount Type,bottom_mount_type,,,Dropdown,"1/4""-20, 3/8""-16, 5/8"" Stud, Shoe Mount, 15mm Rod Stud, 15mm Rod Mount, 19mm Rod Mount, Nato Rail Mount, Clamp Mount, Dedicated",,Global,No,No,,No,None,Yes,Yes,,Yes,Yes,No,31,No,Yes,No,No,No
On-Camera Lighting,Articulating Arms,Articulating Points,articulating_points,,,Dropdown,"1, 2, 3, 4, 6, Flexible Positions",,Global,No,No,,No,None,Yes,Yes,,Yes,Yes,No,11,No,Yes,No,No,No
On-Camera Lighting,Articulating Arms,Configured with,configured_with,,,Multiple Select,"15mm Rod Mount, 19mm Rod Mount, Base Adapter, Clamp Mount Adapter, Flex Arm, Dual Arms, Monitor Mount Adapter, QR Mount Adapter, Light Stand Mount, Shoe Mount Adapter, Suction Mount, T-Bracket Mount Adapter, Tripod Head Adapter, Wall Mount, (None of the Above)",,Global,No,No,,No,None,Yes,Yes,,Yes,Yes,No,21,No,Yes,No,No,No
On-Camera Lighting,Shoe Mount Adapters,Top Mounting,top_mounting_shoe,,,Dropdown,"Accessory Shoe, Double Shoe, Triple Shoe, Shoe Bar, 1/4""-20 Male, 1/4""-20 Female, 5/8""-27 Male, Accessory Foot, Arca Clamp",,Global,No,No,,No,None,Yes,Yes,,Yes,Yes,No,11,No,Yes,No,No,No
On-Camera Lighting,Shoe Mount Adapters,Bottom Mounting,bottom_mounting_shoe,,,Dropdown,"Accessory Foot, 1/4""-20 Male, 1/4""-20 Female, 3/8""-16 Male, 3/8""-16 Female, Adhesive ",,Global,No,No,,No,None,Yes,Yes,,Yes,Yes,No,21,No,Yes,No,No,No
Monolights & Strobes,Product Details,Total Watt Seconds,total_watt_seconds,,,Dropdown,"100ws, 110ws, 120ws, 150ws, 160ws, 180ws, 200ws, 240ws, 250ws, 300ws, 320ws, 330ws, 360ws, 365ws, 400ws, 420ws, 450ws, 460ws, 480ws, 500ws, 600ws, 640ws, 650ws, 660ws, 720ws, 760ws, 800ws, 900ws, 950ws, 960ws, 1000ws, 1200ws, 1300ws, 1320ws, 1400ws, 1500ws, 1600ws, 1960ws, 2000wc, 2400ws, 3200ws, 1800ws",,Global,No,No,,No,None,Yes,Yes,,Yes,Yes,No,10,No,Yes,No,No,No
Monolights & Strobes,Product Details,Number of Heads,number_of_heads,,,Dropdown,"1 Head, 2 Heads, 3 Heads, 4 Heads",,Global,No,No,,No,None,Yes,Yes,,Yes,Yes,No,20,No,Yes,No,No,No
Monolights & Strobes,Product Details,Kit Style,kit_style,,,Dropdown,"Base, Free Accessories, With Power Pack, Premium Bundle, Pro Bundle, Softbox Kit, Travel Kit, Umbrella Kit, Studio Kit, Barndoor Kit",,Global,No,No,,No,None,Yes,Yes,,Yes,Yes,No,30,No,Yes,No,No,No
Monolights & Strobes,Product Details,Power Pack Type,power_pack_type_stobes,,,Dropdown,"AC Power, DC Power, AC/DC Power",,Global,No,No,,No,None,Yes,Yes,,Yes,Yes,No,40,No,Yes,No,No,No
Monolights & Strobes,Product Details,Cooling Type,cooling_type,,,Dropdown,"With Fan, Without Fan",,Global,No,No,,No,None,Yes,Yes,,Yes,Yes,No,50,No,Yes,No,No,No
Light Modifiers & Reflectors,Product Details,Size,size_softbox,,,Dropdown,"15x20cm, 15x28cm, 15x30cm, 15x124cm, 20x28cm, 20x30cm, 20x43cm, 20x58cm, 22x22cm, 23x23cm, 23x30cm, 23x35cm, 23x38cm, 23x89cm, 23x91cm, 25x25cm, 25x43cm, 25x61cm, 25x91cm, 25x150cm, 28x35cm, 30x30cm, 30x41cm, 30x60cm, 30x91cm, 30x120cm, 30x122cm, 30x127cm, 30x140cm, 30x142cm, 30x150cm, 30x160cm, 30x180cm, 30x183cm, 30x200cm, 33x35cm, 33x56cm, 33x175cm, 34x34cm, 35x60cm, 35x89cm, 35x140cm, 35x160cm, 37x37cm, 38x38cm, 38x40cm, 38x46cm, 38x58cm, 38x76cm, 38x96cm, 38x102cm, 40x31cm, 40x40cm, 40x56cm, 40x58cm, 40x60cm, 40x66cm, 40x69cm, 40x75cm, 40x76cm, 40x90cm, 40x100cm, 40x122cm, 40x135cm, 40x140cm, 40x180cm, 43x43cm, 43x46cm, 43x53cm, 43x89cm, 43x117cm, 46x46cm, 46x109cm, 46x137cm, 50x50cm, 50x69cm, 50x119cm, 50x130cm, 50x135cm, 53x53cm, 53x213cm, 56x43cm, 56x56cm, 56x76cm, 56x81cm, 56x109cm, 58x58cm, 58x76cm, 58x78cm, 58x154cm, 60x60cm, 60x80cm, 60x81cm, 60x86cm, 60x90cm, 60x91cm, 60x100cm, 60x120cm, 60x122cm, 60x198cm, 66x66cm, 69x69cm, 69x94cm, 70x100cm, 71x71cm, 71x89cm, 71x91cm, 71x190cm, 75x175cm, 76x76cm, 76x96cm, 76x102cm, 80x80cm, 80x120cm, 81x81cm, 81x100cm, 81x102cm, 81x120cm, 81x122cm, 85x85cm, 90x90cm, 90x117cm, 90x109cm, 91x91cm, 91x120cm, 91x122cm, 93x132cm, 96x96cm, 96x132cm, 96x140cm, 100x100cm, 102x102cm, 102x140cm, 102x142cm, 119x119cm, 120x160cm, 120x180cm, 122x122cm, 122x183cm, 124x183cm, 127x127cm, 135x178cm, 137x183cm, 137x190cm, 142x200cm, 145x145cm, 152x152cm, 182x182cm, 38x38x38cm, 53x53x53cm, 78x78x78cm, 46cm, 48cm, 50cm, 53cm, 56cm, 58cm, 60cm, 63cm, 66cm, 69cm, 70cm, 71cm, 76cm, 78cm, 80cm, 81cm, 84cm, 89cm, 91cm, 94cm, 99cm, 102cm, 104cm, 109cm, 114cm, 119cm, 122cm, 135cm, 140cm, 142cm, 150cm, 152cm, 168cm, 175cm, 180cm, 183cm, 188cm, 190cm, 198cm, 200cm, 203cm, 213cm, 231cm",,Global,No,No,,No,None,Yes,Yes,,Yes,Yes,No,20,No,Yes,No,No,No
Light Modifiers & Reflectors,Product Details,Interior Colour,interior_colour,,,Dropdown,"Gold, Silver, White",,Global,No,No,,No,None,Yes,Yes,,Yes,Yes,No,10,No,Yes,No,No,No
Light Modifiers & Reflectors,Product Details,Maximum Wattage,maximum_wattage_softbox,,,Dropdown,"250W, 300W, 400W, 500W, 575W, 650W, 750W, 1000W, 1200W, 1250W, 1500W, 2000W, 2500W, 2600W, 3000W, 3200W, 3900W, 4000W, 6000W, 12000W, 24000W, Fluorescent Only, Heat Resistant, Shoe Mount Flash, Strobes or LEDs Only",,Global,No,No,,No,None,Yes,Yes,,Yes,Yes,No,20,No,Yes,No,No,No
Light Modifiers & Reflectors,Product Details,Umbrella Type,umbrella_type,,,Dropdown,"Parabolic, Regular, Softbox Umbrella",,Global,No,No,,No,None,Yes,Yes,,Yes,Yes,No,11,No,Yes,No,No,No
Light Modifiers & Reflectors,Product Details,Umbrella Size,umbrella_size,,,Dropdown,"90cm, 80cm, 100cm, 85cm, 150cm, 110cm, 105cm, 115cm, 165cm, 215cm",,Global,No,No,,No,None,Yes,Yes,,Yes,Yes,No,21,No,Yes,No,No,No
Light Modifiers & Reflectors,Product Details,Shaft Diameter,shaft_diameter,,,Dropdown,"7 mm, 8 mm, 9 mm, 12 mm, Proprietary Mount",,Global,No,No,,No,None,Yes,Yes,,Yes,Yes,No,31,No,Yes,No,No,No
Light Modifiers & Reflectors,Product Details,Interior/Exterior,interior_exterior_colour,,,Dropdown,"Gold w/Black, Silver, Silver w/Black, Silver/Gold Reversible, Translucent w/Silver/Black, White, White w/Black, White w/Black-Removable, White w/Silver/Black, White/Translucent, All in one",,Global,No,No,,No,None,Yes,Yes,,Yes,Yes,No,40,No,Yes,No,No,No
Light Modifiers & Reflectors,Product Details,Number Umbrella Segments,number_umbrella_segments,,,Dropdown,"8, 10, 12, 16, 20, 24",,Global,No,No,,No,None,Yes,Yes,,Yes,Yes,No,10,No,Yes,No,No,No
Light Modifiers & Reflectors,Product Details,Fits Light Type,fits_light_type_reflector,,,Dropdown,"Fluorescent, HMI, LED, Monolight Strobe, Plasma, Portable Strobe, Power Pack Strobe, Shoe Mount Flash, Tungsten & Theater",,Global,No,No,,No,None,Yes,Yes,,Yes,Yes,No,10,No,Yes,No,No,No
Light Modifiers & Reflectors,Product Details,Mount Type,mount_type_reflector,,,Dropdown,"Bowens S Mount, Elinchrom, Elinchrom Quadra, Shoe Mount/Speedlights, Speed Ring Required, Proprietary Mounts",,Global,No,No,,No,None,Yes,Yes,,Yes,Yes,No,20,No,Yes,No,No,No
Light Modifiers & Reflectors,Product Details,Reflector Type,reflector_type,,,Dropdown,"Background Reflectors, Beauty Dishes, Beauty Dishes-Folding, Black Reflectors, Intensifiers, Light Pipes, Narrow Angle Reflectors, Open Face Reflectors, Parabolic Reflectors, Ring Flash Reflectors, Standard/General Purpose, Umbrella Reflectors, Wide Angle Reflectors ",,Global,No,No,,No,None,Yes,Yes,,Yes,Yes,No,30,No,Yes,No,No,No
Light Modifiers & Reflectors,Product Details,Reflector Size,reflector_size,,,Dropdown,"5"", 6"", 7"", 8"", 9"", 10"", 11"", 12"", 13"", 14"", 15"", 16"", 18"", 20"", 22"", 24"", 28"" , 32"", 33"", 34"", 40"", 48"", 56"", 8x14"", 18x18"", 29x29"", Proprietary",,Global,No,No,,No,None,Yes,Yes,,Yes,Yes,No,35,No,Yes,No,No,No
Light Modifiers & Reflectors,Product Details,Barndoor Type,barndoor_type,,,Dropdown,"2 Leaf, 4 Leaf, 6 Leaf, 8 Leaf, 10 Leaf, 12 Leaf, Shutter, Skirt",,Global,No,No,,No,None,Yes,Yes,,Yes,Yes,No,10,No,Yes,No,No,No
Light Modifiers & Reflectors,Product Details,Number of Snoots,number_of_snoots,,,Dropdown,"1, 2, 3, 4",,Global,No,No,,No,None,Yes,Yes,,Yes,Yes,No,10,No,Yes,No,No,No
Light Modifiers & Reflectors,Product Details,Grid Type,grid_type,,,Dropdown,"Egg Crates/Louvers, Honeycombs",,Global,No,No,,No,None,Yes,Yes,,Yes,Yes,No,10,No,Yes,No,No,No
Light Modifiers & Reflectors,Product Details,Number of Grids,number_of_grids,,,Dropdown,"1, 2, 3, 4",,Global,No,No,,No,None,Yes,Yes,,Yes,Yes,No,20,No,Yes,No,No,No
Studio Equipment,Product Details,Support Type,support_type_equipment,,,Dropdown,"Autopole Systems, Ceiling Mounts & Brackets, Collapsible Background Stands, Free Standing, Wall Mounts & Brackets",,Global,No,No,,No,None,Yes,Yes,,Yes,Yes,No,10,No,Yes,No,No,No
Studio Equipment,Product Details,Colour,colour_studio,,,Dropdown,"Black, Silver",,Global,No,No,,No,None,Yes,Yes,,Yes,Yes,No,20,No,Yes,No,No,No
Studio Equipment,Product Details,Support Width,support_width,,,Dropdown,"1.5m, 2m, 2.4m, 2.7m, 3.0m, 3.2m, 3.7m, 3.8m, 4m, 6m",,Global,No,No,,No,None,Yes,Yes,,Yes,Yes,No,30,No,Yes,No,No,No
Studio Equipment,Product Details,Load Capacity,load_capacity,,,Dropdown,,1-50kg,Global,No,No,,No,None,Yes,Yes,,Yes,Yes,No,40,No,Yes,No,No,No
Studio Equipment,Product Details,Size,size_studio,,,Dropdown,,,Global,No,No,,No,None,Yes,Yes,,Yes,Yes,No,50,No,Yes,No,No,No
Studio Equipment,Product Details,Stand Type,stand_type,,,Dropdown,"Air Cushioned, Backlight, C-Stand, Free Sliding, Geared Stands, Spring Cushioned, Wheeled",,Global,No,No,,No,None,Yes,Yes,,Yes,Yes,No,60,No,Yes,No,No,No
Studio Equipment,Product Details,Minimum Height,minimum_height,,,Dropdown,,,Global,No,No,,No,None,Yes,Yes,,Yes,Yes,No,70,No,Yes,No,No,No
Studio Equipment,Product Details,Maximum Height,maximum_height,,,Dropdown,,,Global,No,No,,No,None,Yes,Yes,,Yes,Yes,No,80,No,Yes,No,No,No
Studio Equipment,Product Details,Closed Length,closed_length,,,Dropdown,,,Global,No,No,,No,None,Yes,Yes,,Yes,Yes,No,90,No,Yes,No,No,No
Studio Equipment,Product Details,Top Mounting,top_mounting_equipment,,,Dropdown,,,Global,No,No,,No,None,Yes,Yes,,Yes,Yes,No,10,No,Yes,No,No,No
Studio Equipment,Product Details,Stand Weight,stand_weight,,,Dropdown,,,Global,No,No,,No,None,Yes,Yes,,Yes,Yes,No,20,No,Yes,No,No,No
Studio Equipment,Product Details,Bracket Type,bracket_type,,,Dropdown,"Flash Brackets, Flash Mount Adapters, Grip Handles, Head Adapters, Shoe Adapters, Stand Adapters, Swivel/Shoe Brackets, Swivel/Umbrella Brackets, Sync Adapters, Umbrella Mounts",,Global,No,No,,No,None,Yes,Yes,,Yes,Yes,No,30,No,Yes,No,No,No
Studio Equipment,Product Details,Features,features_studio,,,Dropdown,,,Global,No,No,,No,None,Yes,Yes,,Yes,Yes,No,30,No,Yes,No,No,No
Drones,Product Details,Configuration,configuration_drones,,,Dropdown,"Drone Only, Drone with camera",,Global,No,No,,No,None,Yes,Yes,,Yes,Yes,No,30,No,Yes,No,No,No
Drones,Product Details,Skill Level,skill_level,,,Multiple Select,"Beginner, Intermediate, Pro",,Global,No,No,,No,None,Yes,Yes,,Yes,Yes,No,30,No,Yes,No,No,No
Drones,Product Details,Drone Type,drone_type,,,Dropdown,"Airplanes, Hexacopters, Hydrofoil Drone, Octocopters, Quadcopters, Rolling Drones, Underwater",,Global,No,No,,No,None,Yes,Yes,,Yes,Yes,No,10,No,Yes,No,No,No
Drones,Product Details,Gimbal Type,gimbal_type,,,Dropdown,"Flight Camera, Go Pro Gimbal, No Camera Mount, No Gimbal, Zenmuse, 1-Axis Gimbal, 3-Axis Gimbal, 2-Axis Gimbal, 6-Axis Gimbal",,Global,No,No,,No,None,Yes,Yes,,Yes,Yes,No,20,No,Yes,No,No,No
Drones,Product Details,Camera Included,camera_included,,,Dropdown,"Built-in Camera, CGO3 4K Gimbal Camera, Flight Camera, FPV Flight Camera, No Camera, Zenmuse X5S Camera, 4K Flight Camera, 4K Gimbal Camera",,Global,No,No,,No,None,Yes,Yes,,Yes,Yes,No,30,No,Yes,No,No,No
Drones,Product Details,Camera Still Resolution,camera_still_resolution,,,Dropdown,"0.3 MP, 0.9 MP, 1.3 MP, 2 MP, 12 MP, 13 MP, 16 MP, 21 MP, Video Only, None",,Global,No,No,,No,None,Yes,Yes,,Yes,Yes,No,40,No,Yes,No,No,No
Drones,Product Details,Camera Video Resolution,camera_video_resolution,,,Dropdown,"None, 480 Standard Definition, 720p, 1080p, 4K, 5.2K","Use for Drone Product Finder (Question 3). If 4K or higher, counts as having 4K.",Global,No,No,,No,None,Yes,Yes,,Yes,Yes,No,50,No,Yes,No,No,No
Drones,Product Details,Flight time (up To),flight_time_up_to,,,Dropdown,"5 min., 6 min., 7 min., 8 min., 9 min., 10 min., 21 min., 25 min., 27 min., 30 min.",,Global,No,No,,No,None,Yes,Yes,,Yes,Yes,No,60,No,Yes,No,No,No
Drones,Product Details,Colour,colour_drone,,,Dropdown,"Black, Black/Gren, Black/Red, Black/White, Gray, Red, White, Black/Yellow, Yellow, White/Red",,Global,No,No,,No,None,Yes,Yes,,Yes,Yes,No,70,No,Yes,No,No,No
Drones,Product Details,Lens Option,lens_option,,,Dropdown,"No Lens, With Lens",,Global,No,No,,No,None,Yes,Yes,,Yes,Yes,No,10,No,Yes,No,No,No
Drones,Product Details,Lens Included,lens_included,,,Dropdown,"Without Lens, 9mm, 13mm, 15mm, 19mm, 2.8mm, 25mm, 7.5mm, 8.8mm",,Global,No,No,,No,None,Yes,Yes,,Yes,Yes,No,20,No,Yes,No,No,No
Drones,Product Details,Accessory Type,accessory_type,,,Multiple Select,"Battery, Battery Charger, Replacement Parts, Filter, Lighting, Body Shell & Frames, Filter Set, Landing Gear, Onboard Cables, Propeller & Guards",,Global,No,No,,No,None,Yes,Yes,,Yes,Yes,No,10,No,Yes,No,No,No
Drones,Product Details,Depth,depth_rov,,,Dropdown,"3m, 10m, 20m, 25m, 30m, 35m,",,Global,No,No,,No,None,Yes,Yes,,Yes,Yes,No,10,No,Yes,No,No,No
Drones,Product Details,Includes Remote,includes_remote,,,Yes/No,,Use for Drone Product Finder (question 3),Global,No,No,,No,None,Yes,Yes,,Yes,Yes,No,30,No,Yes,No,No,No
Drones,Product Details,Includes Extra Batteries,Includes_extra_batteries,,,Yes/No,,"Use for Drone Product Finder (question 3). Any DJI Fly More Combo product would be a ""yes"" answer here",Global,No,No,,No,None,Yes,Yes,,Yes,Yes,No,40,No,Yes,No,No,No
Stabilizers,Product Details,Configured for,configured_for,,,Multiple Select,"Blackmagic Design, Canon DSLR, Medium Camcorder, DSLR, Mirrorless Cameras, Sony DSLR, Panasonic GH3 and GH4, Panasonic GH5, Sony Mirrorless, Small Camcorder",,Global,No,No,,No,None,Yes,Yes,,Yes,Yes,No,10,No,Yes,No,No,No
Stabilizers,Product Details,Gimbal Design,gimbal_design,,,Dropdown,"Handheld, Drone Mounted",,Global,No,No,,No,None,Yes,Yes,,Yes,Yes,No,20,No,Yes,No,No,No
Stabilizers,Product Details,Number of Axes,number_of_axes,,,Dropdown,"1-Axis Gimbal, 3-Axis Gimbal, 2-Axis Gimbal, 6-Axis Gimbal",,Global,No,No,,No,None,Yes,Yes,,Yes,Yes,No,30,No,Yes,No,No,No
Stabilizers,Product Details,Maximum Load,maximum_load,,,Dropdown,"Under 0.45 kg, 0.45 kg, 0.9 kg, 2.7 kg, 3.6 kg, 5 kg, 7.7 kg, 10.8 kg, 11.8 kg, 14.9 kg, 19 kg, 20.8 kg, 26.7 kg",,Global,No,No,,No,None,Yes,Yes,,Yes,Yes,No,40,No,Yes,No,No,No
Optics,Product Details,Magnification,magnification,,,Dropdown,"2x, 4x, 5x, 6x, 6.5x, 7x, 8x, 8.5x, 9x, 10x, 11x, 12x, 14x, 15x, 16x, 18x, 20x, 25x, 28x, 30x, 32x, 34x, Zoom 5-15x, Zoom 6-18x, 7-15x, Zoom 7-20x, Zoom 7-21x, Zoom 8-16x, Zoom 8-24x, Zoom 9-27x, Zoom 10-22x, Zoom 10-30x, Zoom 12-60x, Zoom 15-35x, Zoom 15-80x, Zoom 18-40x, Zoom 18-52x, Zoom 20-100x, Zoom 20-140x, Zoom 25-125x",,Global,No,No,,No,None,Yes,Yes,,Yes,Yes,No,10,No,Yes,No,No,No
Optics,Product Details,Objective Lens Diameter,objective_lens_diameter,,,Dropdown,"13mm, 15mm, 16mm, 17mm, 18mm, 20mm, 21mm, 22mm, 24mm, 25mm, 26mm, 28mm, 30mm, 32mm, 33mm, 34mm, 35mm, 36mm, 40mm, 42mm, 43mm, 44mm, 45mm, 50mm, 52mm, 54mm, 56mm, 60mm, 63mm, 70mm, 80mm",,Global,No,No,,No,None,Yes,Yes,,Yes,Yes,No,20,No,Yes,No,No,No
Optics,Product Details,Size Class,size_class,,,Dropdown,"Pocket, Compact, Midsize, Full Size, Large, Giant, Requires Mounting",,Global,No,No,,No,None,Yes,Yes,,Yes,Yes,No,30,No,Yes,No,No,No
Optics,Product Details,Prism System,prism_system,,,Dropdown,"Roof, Porro, Reverse Porro",,Global,No,No,,No,None,Yes,Yes,,Yes,Yes,No,40,No,Yes,No,No,No
Optics,Product Details,Features,features_optics,,,Multiple Select,"Anti-Reflective Lenses, Astronomy, Compass, Double Hinge Bridge, Fogproof, High Powered, Image Stabilized, Marine, Multiple Eyepiece Options, Reticle, Shockproof, Tripod Socket, Tripod Adapter, Water Resistant, Waterproof, Wide Angle, Zoom",,Global,No,No,,No,None,Yes,Yes,,Yes,Yes,No,50,No,Yes,No,No,No
Optics,Product Details,Accessory Type,accessory_type_optics,,,Dropdown,"Accessory Kit, Adapter/Converter, Battery, Mounting Supplies",,Global,No,No,,No,None,Yes,Yes,,Yes,Yes,No,20,No,Yes,No,No,No
Optics,Product Details,Body Design,body_design,,,Dropdown,"Angled, Straight",,Global,No,No,,No,None,Yes,Yes,,Yes,Yes,No,30,No,Yes,No,No,No
Optics,Product Details,Scope Magnification,scope_magnification,,,Dropdown,"6-12x, 7-22x, 7-42x, 7.5-22.5x, 8-24x, 8-40x, 9-27x, 10-20x, 10-30x, 11-33x, 12-36x, 12-40x, 12-45x, 12-60x, 13-30x, 15-30x, 15-40x, 15-45x, 15-50x, 16-30x, 16-48x, 18-36x, 18-45x, 18-54x, 18-55x, 18-90x, 20-40x, 20-60x, 21-63x, 22-48x, 22-66x, 22-67x, 22-68x, 24-72x, 25-50x, 25-75x, 25-125x, 27-55x, 27-60x, 30-60x, 30-90x",,Global,No,No,,No,None,Yes,Yes,,Yes,Yes,No,10,No,Yes,No,No,No
Optics,Product Details,Maximum Power,maximum_power,,,Dropdown,"125x, 90x, 75x, 72x, 68x, 67x, 66x, 63x, 60x, 55x, 54x, 50x, 48x, 45x, 42x, 40x, 36x, 33x, 30x, 27x, 24x, 22.5x, 22x, 20x, 12x",,Global,No,No,,No,None,Yes,Yes,,Yes,Yes,No,20,No,Yes,No,No,No
Optics,Product Details,Minimum Power,minimum_power,,,Dropdown,"6x, 7x, 7.5x, 8x, 9x, 10x, 11x, 12x, 13x, 15x, 16x, 18x, 20x, 21x, 22x, 24x, 25x, 27x, 30x",,Global,No,No,,No,None,Yes,Yes,,Yes,Yes,No,30,No,Yes,No,No,No
Optics,Product Details,Eyepiece Type,eyepiece_type,,,Dropdown,"Fixed Eyepieces, Zoom Eyepieces, Eyepiece Sets, Reticle Eyepieces",,Global,No,No,,No,None,Yes,Yes,,Yes,Yes,No,40,No,Yes,No,No,No
Optics,Product Details,Telescope Type,telescope_type,,,Dropdown,"Reflecting Telescopes, Refracting Telescopes",,Global,No,No,,No,None,Yes,Yes,,Yes,Yes,No,50,No,Yes,No,No,No
Optics,Product Details,Aperture,aperture_optics,,,Dropdown,"2.4"" (60mm), 3.2"" (80mm), 3.5"" (90mm), 2.75"" (70mm), 4"" (102mm), 5"" (127mm), 6"" (150mm), 8"" (203mm), 9.25"" (235mm), 11"" (280mm)",,Global,No,No,,No,None,Yes,Yes,,Yes,Yes,No,20,No,Yes,No,No,No
Optics,Product Details,Rangefinder Range,rangefinder_range,,,Dropdown,"1.6km, 1.8km, 1.9km, 2.1km, 2.3km, 2.4km, 2.7km, 2.9km, 3.1km, 3.2km, 4.0km, 6.0km, 6.4km",,Global,No,No,,No,None,Yes,Yes,,Yes,Yes,No,30,No,Yes,No,No,No
Optics,Product Details,Rangefinder Type,rangefinder_type,,,Dropdown,"Binocular, Bow Mounted, Monocular, Spotting Scope, Weapon Mounted",,Global,No,No,,No,None,Yes,Yes,,Yes,Yes,No,40,No,Yes,No,No,No
Camera Accessories,Product Details,Compatibility,compatibility,,,Dropdown,"Canon EOS R, Canon 5D Mark II, Canon 5D Mark III, Canon 5D Mark IV, Canon 5Ds / 5Ds R, Canon 6D, Canon 6D Mark II, Canon 7D, Canon 7D Mark II, Canon 20D, Canon 30D, Canon 40D, Canon 50D, Canon 60D, Canon 70D, Canon 77D, Canon 80D, Fuji GFX 50S, Fuji X-H1, Fuji X-T1, Fuji X-T2, Fuji X-T3, Leica S/S-E, Leica SL, Nikon Df, Nikon D4, Nikon D70, Nikon D70s, Nikon D80, Nikon D90, Nikon D200, Nikon D300, Nikon D300s, Nikon D500, Nikon D600/D610, Nikon D700, Nikon D750, Nikon D800/D810/810A, Nikon D850, Nikon D3100, Nikon D3200, Nikon D3300, Nikon D3400, Nikon D5000, Nikon D5100, Nikon D5200, Nikon D5300, Nikon D5500, Nikon D5600, Nikon D7000, Nikon D7100/D7200, Nikon D7500, Olympus E-620, Olympus E-M1, Olympus E-M1 II, Olympus E-M5, Olympus E-M5 II, Panasonic G9, Panasonic G85, Panasonic GH3, Panasonic GH4, Panasonic GH5, Panasonic S1, Panasonic S1R, Pentax K-1, Pentax K-1 II, Pentax K-3, Pentax K-3 II, Pentax KP, Pentax K-r, Sigma SD1 Merrill, Sigma SD14, Sigma sd Quattro, Sony A7/A7R/A7s, Sony A7II/A7RII/A7SII, Sony A7 III, Sony A7R III, Sony A9, Sony A77, Sony A77 II, Sony A99, Sony A99 II, Sony A6300, Sony A6500",,Global,No,No,,No,None,Yes,Yes,,Yes,Yes,No,10,No,Yes,No,No,No
Camera Accessories,Product Details,Accessory Type,accessory_type_grip,,,Multiple Select,"Battery Grips, Battery Holders & Trays, Battery Chamber Covers, Shutter Cable",,Global,No,No,,No,None,Yes,Yes,,Yes,Yes,No,20,No,Yes,No,No,No
Camera Accessories,Product Details,Remote Control Type,remote_control_type,,,Multiple Select,"Camera Adapters, Extension Cable, Remote Accessories, Threaded Cable Releases, Wired Remotes, Wireless Remotes",,Global,No,No,,No,None,Yes,Yes,,Yes,Yes,No,30,No,Yes,No,No,No
Camera Accessories,Product Details,Triggered By,triggered_by,,,Multiple Select,"Bluetooth, Hand / Manually, Light / Lightning, Motion, Sound",,Global,No,No,,No,None,Yes,Yes,,Yes,Yes,No,40,No,Yes,No,No,No
Camera Accessories,Product Details,Brand Compatibility,brand_compatibility,,,Dropdown,"Canon, Fujifilm, Leica, Nikon, Olympus, Panasonic, Pentax, Sony",,Global,No,No,,No,None,Yes,Yes,,Yes,Yes,No,10,No,Yes,No,No,No
Camera Accessories,Product Details,Colour,colour_viewfinder,,,Dropdown,"Black, Silver",,Global,No,No,,No,None,Yes,Yes,,Yes,Yes,No,20,No,Yes,No,No,No
Camera Accessories,Product Details,Diopter Correction,diopter_correction,,,Dropdown,"0, +0.5, +1.0, +2.0, +3.0, -0.5, -1.0, -2.0, -3.0, -4.0",,Global,No,No,,No,None,Yes,Yes,,Yes,Yes,No,10,No,Yes,No,No,No
Camera Accessories,Product Details,Meter Type,meter_type,,,Dropdown,"Ambient Only, Color Temperature, Multi-Function, Spot Metering Capability",,Global,No,No,,No,None,Yes,Yes,,Yes,Yes,No,10,No,Yes,No,No,No
Camera Accessories,Product Details,Connection Type,connection_type_cable,,,Dropdown,"Audio, Hot Shoe, FireWire, HDMI, Headphone, Microphone, Mini-HDMI, Sub Mini (2.5 mm), USB, Video",,Global,No,No,,No,None,Yes,Yes,,Yes,Yes,No,10,No,Yes,No,No,No
Camera Accessories,"Film, Darkroom & Video Tapes",Film Type,film_type,,,Dropdown,"Instant Film, 35mm Film, 120 Film, Sheet Film, ",,Global,No,No,,No,None,Yes,Yes,,Yes,Yes,No,10,No,Yes,No,No,No
Camera Accessories,"Film, Darkroom & Video Tapes",ISO,iso,,,Dropdown,"50, 80, 100, 125, 160, 200, 320, 400, 800, 3200",,Global,No,No,,No,None,Yes,Yes,,Yes,Yes,No,20,No,Yes,No,No,No
Camera Accessories,"Film, Darkroom & Video Tapes",Format,format,,,Dropdown,"MiniDV, Digital 8",,Global,No,No,,No,None,Yes,Yes,,Yes,Yes,No,10,No,Yes,No,No,No
Camera Accessories,"Film, Darkroom & Video Tapes",Length (Minutes),length_minutes,,,Dropdown,"Up to 30 Minutes, 31 to 60 Minutes, 61 to 120 Minutes, 121 to 150 Minutes, 151 Minutes & Up",,Global,No,No,,No,None,Yes,Yes,,Yes,Yes,No,20,No,Yes,No,No,No
Memory & Storage,Product Details,Card Type,card_type,,,Dropdown,"CompactFlash, SDXC [64GB-1TB], SDHC [4-32GB], SD [2GB], Micro SDXC [64GB-1TB], Micro SDHC [4-32GB], CFast 2.0, XQD",,Global,No,No,,No,None,Yes,Yes,,Yes,Yes,No,10,No,Yes,No,No,No
Memory & Storage,Product Details,Capacity,capacity,,,Dropdown,"1TB, 512GB, 480GB, 400GB, 256GB, 240GB, 200GB, 128GB, 120GB, 64GB, 60GB, 32GB, 30GB, 16GB, 8GB, 4GB, 2GB",,Global,No,No,,No,None,Yes,Yes,,Yes,Yes,No,20,No,Yes,No,No,No
Memory & Storage,Product Details,Speed Class,speed_class,,,Dropdown,"V90, V60, V30, V10, U3, U1, Class 10, Class 4, A2, A1",,Global,No,No,,No,None,Yes,Yes,,Yes,Yes,No,30,No,Yes,No,No,No
Memory & Storage,Product Details,Max Read Speed,max_read_speed,,,Dropdown,"687MB/s (4580x), 560MB/s (3700x), 550MB/s (3666x), 540MB/s (3600x), 530MB/s (3533x), 525MB/s (3500x), 515MB/s (3433x), 510MB/s (3400x), 440MB/s (2933x), 437MB/s (2913x), 312MB/s (2079x), 300MB/s (2000x), 285MB/s (1900x), 280MB/s (1866x), 275MB/s (1833x), 260MB/s (1733x), 250MB/s (1666x), 200MB/s (1333x), 170MB/s (1100x), 160MB/s (1066x), 160MB/s (1000x), 150MB/s (1000x), 120MB/s (800x), 100MB/s (667x), 95MB/s (633x), 94MB/s (620x), 90MB/s (600x), 85MB/s (566x), 80MB/s (533x), 75MB/s (500x), 70MB/s (462x), 45MB/s (300x), 40MB/s (266x), 30MB/s (200x), 24MB/s (163x), 21MB/s (140x), 20MB/s (133x)",,Global,No,No,,No,None,Yes,Yes,,Yes,Yes,No,40,No,Yes,No,No,No
Memory & Storage,Product Details,Speed Compliance,speed_compliance,,,Dropdown,"Class 4, Class 10, UHS-I / Class 10, UHS-I, UHS-I U1, UHS-I U3, UHS-II U3, UHSII / V60, UHS-II / V90, UDMA 7 (167MB/s Max)",,Global,No,No,,No,None,Yes,Yes,,Yes,Yes,No,50,No,Yes,No,No,No
Memory & Storage,Product Details,Single or Multi-Card Reader,single_or_multi-card_reader,,,Dropdown,"Single Card Type, Multi-Format Card Type",,Global,No,No,,No,None,Yes,Yes,,Yes,Yes,No,10,No,Yes,No,No,No
Memory & Storage,Product Details,Number of Cards,number_of_cards,,,Dropdown,"2, 3, 4, 6, 10, 12, 8, 20, 9, 15",,Global,No,No,,No,None,Yes,Yes,,Yes,Yes,No,10,No,Yes,No,No,No
Memory & Storage,Product Details,Colour,colour_reader_case,,,Dropdown,"Black, Blue, Brown, Camouflage, Clear, Gray, Green, Red, Tan",,Global,No,No,,No,None,Yes,Yes,,Yes,Yes,No,20,No,Yes,No,No,No
Memory & Storage,Product Details,USB Speed,usb_speed,,,Dropdown,"USB Type-C, USB 3.1 gen 2 (10Gb/s), USB 3.0/3.1 gen 1 (5Gb/s), USB 1.1/2.0 (480Mb/s), USB Micro, Lightning",,Global,No,No,,No,None,Yes,Yes,,Yes,Yes,No,10,No,Yes,No,No,No
Power & Batteries,Product Details,Compatibility,compatibility,,,Dropdown,"Canon EOS R, Canon 5D Mark II, Canon 5D Mark III, Canon 5D Mark IV, Canon 5Ds / 5Ds R, Canon 6D, Canon 6D Mark II, Canon 7D, Canon 7D Mark II, Canon 20D, Canon 30D, Canon 40D, Canon 50D, Canon 60D, Canon 70D, Canon 77D, Canon 80D, Fuji GFX 50S, Fuji X-H1, Fuji X-T1, Fuji X-T2, Fuji X-T3, Leica S/S-E, Leica SL, Nikon Df, Nikon D4, Nikon D70, Nikon D70s, Nikon D80, Nikon D90, Nikon D200, Nikon D300, Nikon D300s, Nikon D500, Nikon D600/D610, Nikon D700, Nikon D750, Nikon D800/D810/810A, Nikon D850, Nikon D3100, Nikon D3200, Nikon D3300, Nikon D3400, Nikon D5000, Nikon D5100, Nikon D5200, Nikon D5300, Nikon D5500, Nikon D5600, Nikon D7000, Nikon D7100/D7200, Nikon D7500, Olympus E-620, Olympus E-M1, Olympus E-M1 II, Olympus E-M5, Olympus E-M5 II, Panasonic G9, Panasonic G85, Panasonic GH3, Panasonic GH4, Panasonic GH5, Panasonic S1, Panasonic S1R, Pentax K-1, Pentax K-1 II, Pentax K-3, Pentax K-3 II, Pentax KP, Pentax K-r, Sigma SD1 Merrill, Sigma SD14, Sigma sd Quattro, Sony A7/A7R/A7s, Sony A7II/A7RII/A7SII, Sony A7 III, Sony A7R III, Sony A9, Sony A77, Sony A77 II, Sony A99, Sony A99 II, Sony A6300, Sony A6500",,Global,No,No,,No,None,Yes,Yes,,Yes,Yes,No,10,No,Yes,No,No,No
Power & Batteries,Product Details,Accessory Type,accessory_type_grip,,,Multiple Select,"Battery Grips, Battery Holders & Trays, Battery Chamber Covers, Shutter Cable",,Global,No,No,,No,None,Yes,Yes,,Yes,Yes,No,20,No,Yes,No,No,No
Power & Batteries,Product Details,Brand Compatibility,brand_compatibility,,,Dropdown,"Canon, Fujifilm, Leica, Nikon, Olympus, Panasonic, Pentax, Sony",,Global,No,No,,No,None,Yes,Yes,,Yes,Yes,No,30,No,Yes,No,No,No
Power & Batteries,Product Details,Battery Series,battery_series,,,Dropdown,"Canon EOS, Canon Powershot, Fuji FinePix, Nikon Coolpix, Nikon D Series, Olympus Digital Cameras, Panasonic Lumix, Sony Cybershot, Sony Mirrorless",,Global,No,No,,No,None,Yes,Yes,,Yes,Yes,No,40,No,Yes,No,No,No
Tripods & Support,Product Details,Leg Lock Type,leg_lock_type,,,Dropdown,"Flip Lock, Twist Lock, Wing Nut",,Global,No,No,,No,None,Yes,Yes,,Yes,Yes,No,10,No,Yes,No,No,No
Tripods & Support,Product Details,Maximum Height,maximum_height_tripods,,,Dropdown,"200cm, 195cm, 180cm, 170cm, 155cm, 140cm, 130cm, 115cm, 105cm, 90cm",,Global,No,No,,No,None,Yes,Yes,,Yes,Yes,No,20,No,Yes,No,No,No
Tripods & Support,Product Details,Folded Length,folded_length,,,Dropdown,"30cm, 35cm, 40cm, 45cm, 50cm, 55cm, 60cm, 65cm, 70cm, 75cm, 80cm, 85cm, 90cm, 95cm, 100cm, 105cm",,Global,No,No,,No,None,Yes,Yes,,Yes,Yes,No,30,No,Yes,No,No,No
Tripods & Support,Product Details,Support Weight,support_weight,,,Dropdown,"0.45kg, 1kg, 2kg, 3kg, 4kg, 5kg, 6kg, 7kg, 8kg, 9kg, 10kg, 11kg, 12kg, 13kg, 14kg, 15kg, 17kg, 18kg, 19kg, 20kg, 21kg, 22kg and higher",,Global,No,No,,No,None,Yes,Yes,,Yes,Yes,No,40,No,Yes,No,No,No
Tripods & Support,Product Details,Material,material,,,Dropdown,"Aluminum, Carbon Fiber, Titanium Alloy, Magnesium Alloy",,Global,No,No,,No,None,Yes,Yes,,Yes,Yes,No,10,No,Yes,No,No,No
Tripods & Support,Product Details,Lateral / 90-degree Center Column,lateral_90-degree_center_column,,,Dropdown,"Yes, No",,Global,No,No,,No,None,Yes,Yes,,Yes,Yes,No,20,No,Yes,No,No,No
Tripods & Support,Product Details,Accessory Type,accessory_type_tripods,,,Multiple Select,"Adapters, Arms, Other Accessories, Center Columns, Replacement Parts, Dollies, Legs, Leg Covers & Wraps, Spikes & Feet, Spreaders",,Global,No,No,,No,None,Yes,Yes,,Yes,Yes,No,30,No,Yes,No,No,No
Tripods & Support,Product Details,Head Type,head_type,,,Dropdown,"Ball Heads, Pan & Tilt Heads, Tilt Heads, Geared Heads, Gimbal Heads, Pistol Grip Heads, Other Head",,Global,No,No,,No,None,Yes,Yes,,Yes,Yes,No,10,No,Yes,No,No,No
Tripods & Support,Product Details,Leg Sections,leg_sections,,,Dropdown,"1, 2, 3, 4, 5, 6",,Global,No,No,,No,None,Yes,Yes,,Yes,Yes,No,10,No,Yes,No,No,No
Tripods & Support,Product Details,Leg Lock Type,leg_lock_type,,,Dropdown,"Flip Lock, Twist Lock, Wing Nut, Knob",,Global,No,No,,No,None,Yes,Yes,,Yes,Yes,No,20,No,Yes,No,No,No
Tripods & Support,Product Details,Quick Release,quick_release,,,Dropdown,"With Quick Release, Without Quick Release",,Global,No,No,,No,None,Yes,Yes,,Yes,Yes,No,10,No,Yes,No,No,No
Tripods & Support,Product Details,Colour,colour_tripod,,,Dropdown,"Black, Blue, Gold, Silver, Black/Blue, Gray, Green, Red, Orange, Titanium",,Global,No,No,,No,None,Yes,Yes,,Yes,Yes,No,50,No,Yes,No,No,No
Tripods & Support,Product Details,Length,length_tripod_case,,,Dropdown,"28cm, 30cm, 33cm, 38cm, 41cm, 43cm, 46cm, 48cm, 56cm, 58cm, 61cm, 63cm, 66cm, 68cm, 71cm, 73cm, 76cm, 79cm, 81cm, 83cm, 86cm, 88cm, 91cm, 93cm, 96cm, 99cm, 101cm, 104cm, 106cm, 109cm, 111cm, 114cm, 117cm, 119cm, 121cm, 124cm, 127cm, 129cm, 143cm, 139cm, 157cm, 165cm, 177cm",,Global,No,No,,No,None,Yes,Yes,,Yes,Yes,No,10,No,Yes,No,No,No
Tripods & Support,Product Details,Mount Type,mount_type_camera,,,Dropdown,"Adhesive, Ball Heads, Car/Dashboard, Car Window, Clamp, Grip Head Mount, Handlebar/Pole, Magnetic, Rod Mount, Suction Cup , Table Top, Tripod Mount, Mount Accessories",,Global,No,No,,No,None,Yes,Yes,,Yes,Yes,No,20,No,Yes,No,No,No
Tripods & Support,Product Details,Plate Type,plate_type,,,Dropdown,"Camera Base Plates, Battery Grip Base Plates, L-Bracket Plates, L-Bracket Battery Grip Plates, Nodal / Slider Rails, Stereo / Twin Brackets, Rotating Brackets, Tripod Head Quick Releases",,Global,No,No,,No,None,Yes,Yes,,Yes,Yes,No,20,No,Yes,No,No,No
Tripods & Support,Product Details,Wheel Size,wheel_size,,,Dropdown,"7"", 6"", 5"", 4.9"", 4"", 3.9"", 3"", 2.5"", 2""",,Global,No,No,,No,None,Yes,Yes,,Yes,Yes,No,10,No,Yes,No,No,No
Tripods & Support,Product Details,Features,tripod_features,,,Dropdown,"Adjustable Diameter, Cable Guards, Wheel Locks, (None of the Above)",,Global,No,No,,No,None,Yes,Yes,,Yes,Yes,No,60,No,Yes,No,No,No
Bags & Cases,Product Details,Bag Type,bag_type,,,Dropdown,"Attache/Briefcase, Messenger Bag, Shoulder Bag, Holster Case, Backpack, Rolling Case, Camera Pouch / Cover, Clutch, Lens Pouch, Cross Body, Tote, Waist Packs, Sling Bags",,Global,No,No,,No,None,Yes,Yes,,Yes,Yes,No,0,No,Yes,No,No,No
Bags & Cases,Product Details,Interior Length,interior_length,,,Dropdown,"8cm, 10cm, 13cm, 15cm, 18cm, 20cm, 23cm, 25cm, 28cm, 30cm, 33cm, 36cm, 38cm, 41cm, 43cm, 46cm, 48cm, 51cm, 53cm, 58cm, 66cm",,Global,No,No,,No,None,Yes,Yes,,Yes,Yes,No,30,No,Yes,No,No,No
Bags & Cases,Product Details,Interior Width,interior_width,,,Dropdown,"5cm, 8cm, 10cm, 13cm, 15cm, 18cm, 20cm, 23cm, 25cm, 28cm, 30cm",,Global,No,No,,No,None,Yes,Yes,,Yes,Yes,No,40,No,Yes,No,No,No
Bags & Cases,Product Details,Interior Height,interior_height,,,Dropdown,"5cm, 8cm, 10cm, 13cm, 15cm, 18cm, 20cm, 23cm, 25cm, 28cm, 30cm, 33cm, 36cm, 38cm, 41cm",,Global,No,No,,No,None,Yes,Yes,,Yes,Yes,No,50,No,Yes,No,No,No
Bags & Cases,Product Details,Exterior Dimensions LxWxH,exterior_dimensions_lxwxh,,,Dropdown,,,Global,No,No,,No,None,Yes,Yes,,Yes,Yes,No,20,No,Yes,No,No,No
Bags & Cases,Product Details,Size,size_bag,,,Dropdown,"Small: Up to 1 Body/1-2 Lenses/Acc, Medium: Up to 1-2 Bodies/2-4 Lenses/Acc, Large: Up to 1-2 Bodies/5-7 Lenses/Acc, X-Large: Up to 2-3 Bodies/8-10 Lenses, XX-Large: Up to 3-5 Bodies/11-13 Lenses",,Global,No,No,,No,None,Yes,Yes,,Yes,Yes,No,10,No,Yes,No,No,No
Bags & Cases,Product Details,Colour,colour_bag,,,Dropdown,"Black, Blue, Brown, Camouflage, Gray, Green, Multicolor/Pattern, Orange, Pink, Red, Silver, Tan/Beige, White, Yellow",,Global,No,No,,No,None,Yes,Yes,,Yes,Yes,No,70,No,Yes,No,No,No
Bags & Cases,Product Details,Exterior Material,exterior_material,,,Dropdown,"Ballistic Nylon, Canvas, Cloth, Cordura/Kodra Nylon, Cotton, FibreNyte, Leather, Neoprene, Nylon, Polyester, Polyurethane, PVC, Synthetic, Tarpaulin, Not Specified by Manufacturer",,Global,No,No,,No,None,Yes,Yes,,Yes,Yes,No,80,No,Yes,No,No,No
Bags & Cases,Product Details,Type of Closure,type_of_closure,,,Dropdown,"Buckle, Button Stud, Clogball/Clog Bolt, Drawstring, Flap Closure, Hook, Hook & Loop, Latches, Magnetic, Metal Snap Hook, No Closure, Roll Top, Slip Lock, Snap Fastener, Turn Lock, Zipper",,Global,No,No,,No,None,Yes,Yes,,Yes,Yes,No,90,No,Yes,No,No,No
Bags & Cases,Product Details,Features,features_bag,,,Dropdown,"Tablet Pocket, Laptop Pocket, 10"" Laptop Pocket, 11"" Laptop Pocket, 12"" Laptop Pocket, 13"" Laptop Pocket, 14"" Laptop Pocket, 15"" Laptop Pocket, 15.4"" Laptop Pocket, 15.6"" Laptop Pocket, 17"" Laptop Pocket, Tripod Strap/Holder, Trolley Strap, Rain-Cover, Watertight",,Global,No,No,,No,None,Yes,Yes,,Yes,Yes,No,100,No,Yes,No,No,No
Bags & Cases,Product Details,Weight,weight_bag,,,Dropdown,"0.45kg, 0.9kg, 1.35kg, 1.8kg, 2.3kg, 3.15kg, ",,Global,No,No,,No,None,Yes,Yes,,Yes,Yes,No,71,No,Yes,No,No,No
Bags & Cases,Product Details,Carrying Options,carrying_options,,,Dropdown,"Sling, Backpack, Waist, Retractable Handle",,Global,No,No,,No,None,Yes,Yes,,Yes,Yes,No,81,No,Yes,No,No,No
Bags & Cases,Product Details,Gender,gender,,,Dropdown,"male, female",,Global,No,No,,No,None,Yes,Yes,,Yes,Yes,No,91,No,Yes,No,No,No
Bags & Cases,Product Details,Watertight,watertight,,,Dropdown,"Yes, No",,Global,No,No,,No,None,Yes,Yes,,Yes,Yes,No,100,No,Yes,No,No,No
Bags & Cases,Product Details,Wheels/Casters,wheels_casters,,,Dropdown,"With Wheels, WIthout Wheels",,Global,No,No,,No,None,Yes,Yes,,Yes,Yes,No,110,No,Yes,No,No,No
Bags & Cases,Product Details,Case Material,case_material,,,Dropdown,"ABS, Aluminum, Ballistic Nylon, HPX Resin, Nylon, NK-7 Resin, Plastic, Plywood, Plywood/ABS, Plywood/Fiberglass, Plywood/Laminate, Plywood/PVC, Polycarbonate, Polyester, Polyethylene, Polymer, Polypropylene, PVC, Polymer Resin",,Global,No,No,,No,None,Yes,Yes,,Yes,Yes,No,20,No,Yes,No,No,No
Bags & Cases,Product Details,Waterproof Rating,waterproof_rating,,,Dropdown,"Class 1 Water Resistant for Light Rain, Class 2 Waterproof for Heavy Rain, Class 3 W/P Float/Handles Quick Submerse, 1m Waterproof, 2m Waterproof, 3m Waterproof, 4.5m Waterproof, 6m Waterproof, 9m Waterproof, 10m Waterproof, 30m Waterproof, 60m Waterproof, 90m Waterproof",,Global,No,No,,No,None,Yes,Yes,,Yes,Yes,No,30,No,Yes,No,No,No
Bags & Cases,Product Details,Cover Length,cover_length,,,Dropdown,"20cm, 23cm, 25cm, 28cm, 30cm, 33cm, 36cm, 41cm, 43cm, 46cm, 51cm, 56cm, 58cm, 61cm, 64cm, 69cm, 76cm, 79cm, 99cm",,Global,No,No,,No,None,Yes,Yes,,Yes,Yes,No,40,No,Yes,No,No,No
Bags & Cases,Product Details,Strap Material,material_strap,,,Dropdown,"Acrylic, Canvas, Canvas/Leather, Climbing Rope, Cotton, Cotton/Polyester Blend, Leather, Leather/Wool, Neoprene, Nylon, Nylon Paracord, Polyester, Polypropylene, Polyurethane Foam, PU Leather, Rayon/Cotton, Rubber, Silicone, Silk, Synthetic Rubber, Synthetic Leather, Velvet, Woven Silk",,Global,No,No,,No,None,Yes,Yes,,Yes,Yes,No,50,No,Yes,No,No,No
Bags & Cases,Product Details,Strap Length,strap_length,,,Dropdown,"3cm, 15cm, 20cm, 30cm, 35cm, 40cm, 45cm, 55cm, 60cm, 65cm, 70cm, 75cm, 80cm, 85cm, 90cm, 95cm, 100cm, 105cm, 110cm, 115cm, 120cm, 125cm, 130cm, 135cm, 140cm, 145cm, 150cm, 155cm, 160cm, 165cm, 170cm, 175cm, 180cm, 195cm, 205cm",,Global,No,No,,No,None,Yes,Yes,,Yes,Yes,No,60,No,Yes,No,No,No
Bags & Cases,Product Details,Strap Type,strap_type,,,Dropdown,"Neck/Shoulder, Wrist Strap, Hand Grip Strap, Harness, Flotation, Backpack Strap, Carabiner, Finger Cuff, Lens Strap, Lens Cradle, Strap Accessories",,Global,No,No,,No,None,Yes,Yes,,Yes,Yes,No,10,No,Yes,No,No,No
Bags & Cases,Product Details,Adjustable Length,adjustable_length,,,Dropdown,"Adjustable Length, Fixed Length",,Global,No,No,,No,None,Yes,Yes,,Yes,Yes,No,20,No,Yes,No,No,No
Bags & Cases,Product Details,Insert Type,instert_type,,,Dropdown,"Bag Dividers, Bottom Boards, Compartments/Partitions, Computer Sleeve Inserts, Insert Bags",,Global,No,No,,No,None,Yes,Yes,,Yes,Yes,No,10,No,Yes,No,No,No
Bags & Cases,Product Details,Accessory Type,accessory_type_bags,,,Multiple Select,"Add-Ons, Attachment Pouches, Backpack Straps, Clips, Design Covers, Rain Covers, Security Covers, Tag Holders, Utility Hooks, Water Bottle Bags, Misc. Accessories",,Global,No,No,,No,None,Yes,Yes,,Yes,Yes,No,10,No,Yes,No,No,No
Printers & Scanners,Product Details,Printer Type,printer_type,,,Dropdown,"Injet, Laser",,Global,No,No,,No,None,Yes,Yes,,Yes,Yes,No,10,No,Yes,No,No,No
Printers & Scanners,Product Details,Printer Connectivity,connectivity_printer,,,Dropdown,"Ethernet, Wi-Fi, RJ-11, Mobile Device Capable, AirPrint, Google Cloud Print, Memory Card Slot, PictBridge, NFC, Bluetooth",,Global,No,No,,No,None,Yes,Yes,,Yes,Yes,No,20,No,Yes,No,No,No
Printers & Scanners,Product Details,Paper Sizes,paper_sizes,,,Dropdown,"3"" x 5"", 4"" x 6"", 5"" x 7"", 5"" x 8"", A5, B5, 8"" x 10"", A4, A3, Envelope, CD/DVD/Blu-ray Disc",,Global,No,No,,No,None,Yes,Yes,,Yes,Yes,No,30,No,Yes,No,No,No
Printers & Scanners,Product Details,Ink Cartridge Configuration,ink_cartridge_configuration,,,Dropdown,"12 cartridges, 10 cartridges, 9 cartridges, 8 cartridges, 6 cartridges, 5 cartridges, 4 cartridges, 2 cartridges",,Global,No,No,,No,None,Yes,Yes,,Yes,Yes,No,40,No,Yes,No,No,No
Printers & Scanners,Product Details,Dots Per Inch (DPI),dots_per_inchdpi,,,Dropdown,"1200 x 600 dpi, 1200 x 1200 dpi, 1440 x 720 dpi, 2400 x 1200 dpi, 4800 x 600 dpi, 4800 x 1200 dpi, 4800 x 2400 dpi, 5760 x 1440 dpi, 6000 x 1200 dpi, 9600 x 2400 dpi",,Global,No,No,,No,None,Yes,Yes,,Yes,Yes,No,50,No,Yes,No,No,No
Printers & Scanners,Product Details,Scanner Type,scanner_type,,,Dropdown,"ADF, Flatbed, Printer Only",,Global,No,No,,No,None,Yes,Yes,,Yes,Yes,No,60,No,Yes,No,No,No
Printers & Scanners,Product Details,Scanner Max DPI Resolution,scanner_max_dpi_resolution,,,Dropdown,"600 x 600, 600 x 1200, 1200 x 1200, 1200 x 2400, 2400 x 2400, 2400 x 4800, 4800 X 4800, 9600 x 9600, Printer Only",,Global,No,No,,No,None,Yes,Yes,,Yes,Yes,No,70,No,Yes,No,No,No
Printers & Scanners,Product Details,Scanner Colour Depth,scanner_colour_depth,,,Dropdown,"16 Bit, 24 Bit, 48 Bit, Printer Only",,Global,No,No,,No,None,Yes,Yes,,Yes,Yes,No,80,No,Yes,No,No,No
Printers & Scanners,Product Details,Page Per Minute (PPM)-Colour,page_per_minute_ppm_colour,,,Dropdown,"4 ppm, 5 ppm, 6 ppm, 7 ppm, 8 ppm, 9 ppm, 10 ppm, 11 ppm, 12 ppm, 13 ppm, 15 ppm, 17 ppm, 18 ppm, 20 ppm, 22 ppm, 23 ppm, 24 ppm, 26 ppm, 27 ppm, 40 ppm, 45 ppm, 50 ppm, 55 ppm",,Global,No,No,,No,None,Yes,Yes,,Yes,Yes,No,90,No,Yes,No,No,No
Printers & Scanners,Paper,Sheet Size,sheet_size,,,Dropdown,"3"" x 5"", 4"" x 6"", 5"" x 7"", 5"" x 8"", A5, B5, 8"" x 10"", A4, A3, Envelope, CD/DVD/Blu-ray Disc",,Global,No,No,,No,None,Yes,Yes,,Yes,Yes,No,10,No,Yes,No,No,No
Printers & Scanners,Paper,Surface Finish,surface_finish,,,Dropdown,"Glossy, High Gloss, Luster, Matte, Matte-Smooth, Matte-Textured, Matte-Velvet, Metallic, Metallic-Glossy, Metallic-Pearl, Metallic-Satin/Silky, Pearl, Satin/Silky, Semi-Gloss, Semi-Matte, Smooth, Textured",,Global,No,No,,No,None,Yes,Yes,,Yes,Yes,No,20,No,Yes,No,No,No
Printers & Scanners,Paper,Usage,usage_printers,,,Dropdown,"Fine Art, Photographic, Canvas, Proofing/Poster Board, Speciality, Film, Office",,Global,No,No,,No,None,Yes,Yes,,Yes,Yes,No,30,No,Yes,No,No,No
Printers & Scanners,Paper,Sheet Amount,sheet_amount,,,Dropdown,"5, 10, 20, 25, 50, 60, 75, 100, 120, 125, 150, 200",,Global,No,No,,No,None,Yes,Yes,,Yes,Yes,No,40,No,Yes,No,No,No
Printers & Scanners,Paper,Weight,weight,,,Dropdown,"500gsm, 350gsm, 340gsm, 330gsm, 325gsm, 320gsm, 315gsm, 310gsm, 305gsm, 300gsm, 295gsm, 290gsm, 285gsm, 280gsm, 271gsm, 270gsm, 265gsm, 260gsm, 255gsm, 252gsm, 250gsm, 240gsm, 235gsm, 230gsm, 220gsm, 215gsm, 210gsm, 205gsm, 200gsm, 190gsm, 185gsm, 180gsm, 165gsm, 110gsm, 70gsm",,Global,No,No,,No,None,Yes,Yes,,Yes,Yes,No,50,No,Yes,No,No,No
Printers & Scanners,Paper,Thickness,thickness,,,Dropdown,"26 Mil, 24 Mil, 23 Mil, 22 Mil, 21 Mil, 20 Mil, 19.6 Mil, 19 Mil, 17 Mil, 16 Mil, 15 Mil, 14 Mil, 13 Mil, 12 Mil, 11.8 Mil, 11 Mil, 10.6 Mil, 10.5 Mil, 10.4 Mil, 10 Mil, 9.5 Mil, 9 Mil, 8 Mil, 7 Mil, 4 Mil, 0.7 Mil",,Global,No,No,,No,None,Yes,Yes,,Yes,Yes,No,60,No,Yes,No,No,No
Audio & Visual,Audio Recorders,Media Type,media_type_audio,,,Dropdown,"Memory Card, Internal Memory, Cassette",,Global,No,No,,No,None,Yes,Yes,,Yes,Yes,No,10,No,Yes,No,No,No
Audio & Visual,Audio Recorders,Time Code,time_code,,,Dropdown,"Yes, No",,Global,No,No,,No,None,Yes,Yes,,Yes,Yes,No,20,No,Yes,No,No,No
Audio & Visual,Audio Recorders,Built-In Microphone,built-in_microphone,,,Dropdown,"Yes, No",,Global,No,No,,No,None,Yes,Yes,,Yes,Yes,No,30,No,Yes,No,No,No
Audio & Visual,Audio Recorders,Microphone Input,microphone_input,,,Dropdown,"Yes, No",,Global,No,No,,No,None,Yes,Yes,,Yes,Yes,No,40,No,Yes,No,No,No
Audio & Visual,Audio Recorders,Battery Type,battery_type,,,Dropdown,"AA, AAA, Li-Ion Rechargeable",,Global,No,No,,No,None,Yes,Yes,,Yes,Yes,No,50,No,Yes,No,No,No
Audio & Visual,Audio Recorders,Built-In Speakers,built-in_speakers,,,Dropdown,"Yes, No",,Global,No,No,,No,None,Yes,Yes,,Yes,Yes,No,60,No,Yes,No,No,No
Audio & Visual,Audio Recorders,Audio Interface Functionality,audio_interface_functionality,,,Dropdown,"Yes, No",,Global,No,No,,No,None,Yes,Yes,,Yes,Yes,No,70,No,Yes,No,No,No
Audio & Visual,Microphones,Microphone Type,microphone_type,,,Multiple Select,"Dynamic, Condenser, USB",,Global,No,No,,No,None,Yes,Yes,,Yes,Yes,No,10,No,Yes,No,No,No
Audio & Visual,Microphones,Connection Type,connection_type,,,Dropdown,"AES/EBU, XLR, 1/8"" Mini, Shoe Mount, 3.5mm",,Global,No,No,,No,None,Yes,Yes,,Yes,Yes,No,20,No,Yes,No,No,No
Audio & Visual,Microphones,Power Source,power_source,,,Dropdown,"Phantom, Battery, Phantom & Battery, Plug-In Power, USB",,Global,No,No,,No,None,Yes,Yes,,Yes,Yes,No,30,No,Yes,No,No,No
Audio & Visual,Headphones,Design Type,design_type,,,Dropdown,"Over-Ear, On-Ear, Neckband, In-Ear",,Global,No,No,,No,None,Yes,Yes,,Yes,Yes,No,10,No,Yes,No,No,No
Audio & Visual,Headphones,Bluetooth,bluetooth,,,Dropdown,"Yes, No",,Global,No,No,,No,None,Yes,Yes,,Yes,Yes,No,20,No,Yes,No,No,No
Audio & Visual,Projectors,Projector Type,projector_type,,,Dropdown,"Multimedia, Home Theater",,Global,No,No,,No,None,Yes,Yes,,Yes,Yes,No,10,No,Yes,No,No,No
Audio & Visual,Projectors,Display Type,display_type,,,Dropdown,"DLP (1-chip), DLP (2-chip), DLP (3-chip), LCD (1-chip), LCD (3-chip), LCoS, SXRD, LED",,Global,No,No,,No,None,Yes,Yes,,Yes,Yes,No,20,No,Yes,No,No,No
Audio & Visual,Projectors,Brightness (Lumens),brightness_lumens,,,Dropdown,"30.000, 20.000, 12.000, 10.000, 8.500, 8.000, 6.000, 7.500, 7.000, 6.500, 5.500, 5.000, 5.200, 4.500, 4.200, 4.000, 3.500, 3.300, 3.000, 2.500, 2.200, 2.000, 1.900, 1.000, 800, 100",,Global,No,No,,No,None,Yes,Yes,,Yes,Yes,No,30,No,Yes,No,No,No
Audio & Visual,Projectors,Light Source,light_source,,,Dropdown,"Standard, Laser, Laser/LED Hybrid, Laser phosphor, LED, Xenon",,Global,No,No,,No,None,Yes,Yes,,Yes,Yes,No,40,No,Yes,No,No,No
Audio & Visual,Projectors,Native Resolution,native_resolution,,,Multiple Select,"4K, 2K, 2560 x 1600, 2560 x 1080, 1920 x 1200, 1920 x 1080, 1920 x 720, 1600 x 1200, 1400 x 1050, 1366 x 768, 1280 x 1024, 1280 x 960, 1280 x 800, 1280 x 720, 1024 x 768, 960 x 240, 800 x 600, 800 x 480, 640 x 480",,Global,No,No,,No,None,Yes,Yes,,Yes,Yes,No,50,No,Yes,No,No,No
Audio & Visual,Projectors,Contrast Ratio,contrast_ratio,,,Dropdown,"1000:1, 1800:1, 2000:1, 2500:1, 3000:1, 4000:1, 5300:1, 7500:1, 10.000:1, 13.000:1, 15.000:1, 16.000:1, 20.000:1, 22.000:1, 100.000:1, 200.000:1 & Up",,Global,No,No,,No,None,Yes,Yes,,Yes,Yes,No,60,No,Yes,No,No,No
Audio & Visual,Projection Screens,Surface,surface,,,Dropdown,"Cinema Vision HC, ClearSound Grey Weave, ClearSound NanoPerf, ClearSound White Weave, Contrast Grey, Contrast White, Da-Mat, Da-Mat HC, Da-Tex, Dual Vision, Grey, HD Progressive 0.9, HD Progressive 1.1, HD Progressive 1.3, Hi Def Gray, High Contrast Gray, Matte White, Matte White HC, MaxWhite, Pearl White, Pearlescent, Pure White, Rear Cineflex, Rear Projection, SoundScreen, Tiburon, Ultra Wide, Video Spectra 1.5",,Global,No,No,,No,None,Yes,Yes,,Yes,Yes,No,10,No,Yes,No,No,No
Audio & Visual,Projection Screens,Aspect Ratio,aspect_ratio,,,Dropdown,"1:1, 5:4, 4:3, 16:10, 16:9, 1.85:1, 2.35:1",,Global,No,No,,No,None,Yes,Yes,,Yes,Yes,No,20,No,Yes,No,No,No
Audio & Visual,Projection Screens,Image Diagonal,image_diagonal,,,Dropdown,"65"", 71"", 72"", 76"", 82"", 84"", 85"" , 92"", 94"", 99"", 100"", 110"", 119"", 120"", 133"", 136"", 150""",,Global,No,No,,No,None,Yes,Yes,,Yes,Yes,No,30,No,Yes,No,No,No
Audio & Visual,Cables,Power Connectivity,power_connectivity_audio,,,Dropdown,"Power Tap, 4-pin XLR, Cigarette Plug, AC Power Plug, USB Connector, Proprietary Cable, AA Batteries, AAA Batteries, CR2032 Batteries, Proprietary Battery Pack",,Global,No,No,,No,None,Yes,Yes,,Yes,Yes,No,10,No,Yes,No,No,No
Audio & Visual,Cables,Cable/Adapter Type,cable/adapter_type,,,Dropdown,"Cables, Adapters, Extension Cables, Power Base Modules",,Global,No,No,,No,None,Yes,Yes,,Yes,Yes,No,20,No,Yes,No,No,No
Audio & Visual,Cables,Fixture Connectivity,fixture_connectivity,,,Multiple Select,"4-Pin XLR, 3-Pin Plug (Proprietary), 2-Pin Plug (Proprietary), Barrel Connector (Male), Power Base Module",,Global,No,No,,No,None,Yes,Yes,,Yes,Yes,No,30,No,Yes,No,No,No
Audio & Visual,Cables,Length,length,,,Dropdown,"Less Than 0.3m, 0.3m, 0.9m, 1.2m, 1.5m, 1.8m, 3.0m, 4.6m, ",,Global,No,No,,No,None,Yes,Yes,,Yes,Yes,No,40,No,Yes,No,No,No
Home Automation,Security Cameras,Resolution,resolution_security,,,Dropdown,"5MP (2592 x 1944), 4MP (2688 x 1520), 3MP (2048 x 1536), 2MP (1920 x 1080), 1MP (1280 x 720)",,Global,No,No,,No,None,Yes,Yes,,Yes,Yes,No,10,No,Yes,No,No,No
Home Automation,Security Cameras,Signal Output,signal_output,,,Dropdown,"IP, Wi-Fi, Analog, HDMI, Cellular Cameras, No Signal Output ",,Global,No,No,,No,None,Yes,Yes,,Yes,Yes,No,20,No,Yes,No,No,No
Home Automation,Product Details,Works With,works_with,,,Multiple Select,"Amazon Alexa, Google Assistant, Apple Siri, None",,Global,No,No,,No,None,Yes,Yes,,Yes,Yes,No,30,No,Yes,No,No,No
Home Automation,Security Cameras,Night Vision,night_vision,,,Dropdown,"True D/N, Digital D/N, D/N IR, No Night Vision, White Light",,Global,No,No,,No,None,Yes,Yes,,Yes,Yes,No,40,No,Yes,No,No,No
Home Automation,Security Cameras,Power Input,power_input,,,Multiple Select,"Battery Operated, 12VDC, Standard PoE, High Voltage, Plug-in, USB Powered, Other",,Global,No,No,,No,None,Yes,Yes,,Yes,Yes,No,50,No,Yes,No,No,No
Home Automation,GPS Devices,Resolution,resolution_gps,,,Multiple Select,"HD 1440, HD 1296, HD 1080, HD 720, Lower Resolution",,Global,No,No,,No,None,Yes,Yes,,Yes,Yes,No,10,No,Yes,No,No,No
Home Automation,GPS Devices,Built-In GPS,built-in_gps,,,Multiple Select,"Yes, No, Optional",,Global,No,No,,No,None,Yes,Yes,,Yes,Yes,No,20,No,Yes,No,No,No
Home Automation,GPS Devices,Features,features_gps,,,Multiple Select,"GPS Navigation, Built-in Wi-Fi, Built-in Screen, Dual Camera, None of the Above",,Global,No,No,,No,None,Yes,Yes,,Yes,Yes,No,30,No,Yes,No,No,No
Home Automation,Product Details,Item Type,item_type_ha,,,Multiple Select,"Smart Speakers, Smart Displays, Car Navigation",,Global,No,No,,No,None,Yes,Yes,,Yes,Yes,No,50,No,Yes,No,No,No
Home Automation,Fitness Trackers,Heart Rate Monitor,heart_rate_monitor,,,Dropdown,"Wrist-Based, Without Heart Monitor",,Global,No,No,,No,None,Yes,Yes,,Yes,Yes,No,10,No,Yes,No,No,No
Home Automation,Product Details,Colour,colour_reader_case_home,,,Dropdown,"Black, Blue, Brown, Gold, Gray, Green, Pink, Purple, Red, Tan/Beige, White, Yellow",,Global,No,No,,No,None,Yes,Yes,,Yes,Yes,No,31,No,Yes,No,No,No
Home Automation,Product Details,Band Size,size_band,,,Dropdown,"Single Size, Small, Medium, Large",,Global,No,No,,No,None,Yes,Yes,,Yes,Yes,No,20,No,Yes,No,No,No
Home Automation,Light Bulbs,Type of Light,type_of_light,,,Dropdown,"Lightstrip, Light Bulb, Light Fixture",,Global,No,No,,No,None,Yes,Yes,,Yes,Yes,No,10,No,Yes,No,No,No
Home Automation,Light Bulbs,Communication Protocol,communication_protocol,,,Multiple Select,"ZigBee, Bluetooth, Wi-Fi, Non-Connected, Ethernet",,Global,No,No,,No,None,Yes,Yes,,Yes,Yes,No,20,No,Yes,No,No,No
